run_report,path,sha256,verified
D:\Research\vv_pose_project\outputs\phase9c_r1d_locked_full_confirmation\split_a\seed123\bounded_reliability_dual_modulation\train_rtmpose_performance\phase9c_r1d_run_report.json,D:\Research\vv_pose_project\outputs\phase9c_r1d_locked_full_confirmation\split_a\seed123\bounded_reliability_dual_modulation\train_rtmpose_performance\per_sample_rtmpose_performance_val.npz,b5cc67e180e316a4900648203b188d15a73df48bfe6179108ffa210b6f291b4d,True
D:\Research\vv_pose_project\outputs\phase9c_r1d_locked_full_confirmation\split_a\seed123\bounded_reliability_dual_modulation\train_rtmpose_performance\phase9c_r1d_run_report.json,D:\Research\vv_pose_project\outputs\phase9c_r1d_locked_full_confirmation\split_a\seed123\bounded_reliability_dual_modulation\train_rtmpose_performance\per_sample_rtmpose_performance_test.npz,33e3b43b8b24aed0c8d060c40c3604300afa6015ecf765085f10f48305e9fe7f,True
D:\Research\vv_pose_project\outputs\phase9c_r1d_locked_full_confirmation\split_a\seed123\bounded_reliability_dual_modulation\train_rtmpose_performance\phase9c_r1d_run_report.json,D:\Research\vv_pose_project\outputs\phase9c_r1d_locked_full_confirmation\split_a\seed123\bounded_reliability_dual_modulation\train_rtmpose_performance\per_sample_yolo11l_pose_val.npz,4050b7929696c1b1fd89e96e486fd0267a47525f2c3f00205b8000550f7d1f16,True
D:\Research\vv_pose_project\outputs\phase9c_r1d_locked_full_confirmation\split_a\seed123\bounded_reliability_dual_modulation\train_rtmpose_performance\phase9c_r1d_run_report.json,D:\Research\vv_pose_project\outputs\phase9c_r1d_locked_full_confirmation\split_a\seed123\bounded_reliability_dual_modulation\train_rtmpose_performance\per_sample_yolo11l_pose_test.npz,7a3145e1c9e2a69fb9a1126f515fd2d0445e61e306dd30bc82c83c92c69fbeba,True
D:\Research\vv_pose_project\outputs\phase9c_r1d_locked_full_confirmation\split_a\seed123\bounded_reliability_dual_modulation\train_rtmpose_performance\phase9c_r1d_run_report.json,D:\Research\vv_pose_project\outputs\phase9c_r1d_locked_full_confirmation\split_a\seed123\bounded_reliability_dual_modulation\train_rtmpose_performance\best.pt,16f8ade67f502320ba631bd987ee62da94b097a90c061bdd88b9092fed9cb03c,True
D:\Research\vv_pose_project\outputs\phase9c_r1d_locked_full_confirmation\split_a\seed123\bounded_reliability_dual_modulation\train_rtmpose_performance\phase9c_r1d_run_report.json,D:\Research\vv_pose_project\outputs\phase9c_r1d_locked_full_confirmation\split_a\seed123\bounded_reliability_dual_modulation\train_rtmpose_performance\last.pt,17ed9b846ff30ab9519788bfc64807f2918c0c3f8a74233d4cf494e70dd06ecb,True
D:\Research\vv_pose_project\outputs\phase9c_r1d_locked_full_confirmation\split_a\seed123\bounded_reliability_dual_modulation\train_rtmpose_performance\phase9c_r1d_run_report.json,D:\Research\vv_pose_project\outputs\phase9c_r1d_locked_full_confirmation\split_a\seed123\bounded_reliability_dual_modulation\train_rtmpose_performance\training_history.csv,7b391a5ef6a6d1e803fa922e720d8044da512f24ad3640b2bb9ddb1c6c88bd86,True
D:\Research\vv_pose_project\outputs\phase9c_r1d_locked_full_confirmation\split_a\seed123\bounded_reliability_dual_modulation\train_yolo11l_pose\phase9c_r1d_run_report.json,D:\Research\vv_pose_project\outputs\phase9c_r1d_locked_full_confirmation\split_a\seed123\bounded_reliability_dual_modulation\train_yolo11l_pose\per_sample_rtmpose_performance_val.npz,34aab1bd8b2b441d7928957110a01c925a581c5e36f4af3cf11f0a69a108b5cb,True
D:\Research\vv_pose_project\outputs\phase9c_r1d_locked_full_confirmation\split_a\seed123\bounded_reliability_dual_modulation\train_yolo11l_pose\phase9c_r1d_run_report.json,D:\Research\vv_pose_project\outputs\phase9c_r1d_locked_full_confirmation\split_a\seed123\bounded_reliability_dual_modulation\train_yolo11l_pose\per_sample_rtmpose_performance_test.npz,ff57d7b3c912aa9ecc7b6c9d7654f86e9f6e36da123c96d7f5a0f616b6e33709,True
D:\Research\vv_pose_project\outputs\phase9c_r1d_locked_full_confirmation\split_a\seed123\bounded_reliability_dual_modulation\train_yolo11l_pose\phase9c_r1d_run_report.json,D:\Research\vv_pose_project\outputs\phase9c_r1d_locked_full_confirmation\split_a\seed123\bounded_reliability_dual_modulation\train_yolo11l_pose\per_sample_yolo11l_pose_val.npz,98933b94cd29610a95287e6092b755aea1fb6030721da5f15a882146929cb6c5,True
D:\Research\vv_pose_project\outputs\phase9c_r1d_locked_full_confirmation\split_a\seed123\bounded_reliability_dual_modulation\train_yolo11l_pose\phase9c_r1d_run_report.json,D:\Research\vv_pose_project\outputs\phase9c_r1d_locked_full_confirmation\split_a\seed123\bounded_reliability_dual_modulation\train_yolo11l_pose\per_sample_yolo11l_pose_test.npz,f03ec67d947c153c0dc12a7ddee9af0eb271b46622b6bd548891ce7e6dc30add,True
D:\Research\vv_pose_project\outputs\phase9c_r1d_locked_full_confirmation\split_a\seed123\bounded_reliability_dual_modulation\train_yolo11l_pose\phase9c_r1d_run_report.json,D:\Research\vv_pose_project\outputs\phase9c_r1d_locked_full_confirmation\split_a\seed123\bounded_reliability_dual_modulation\train_yolo11l_pose\best.pt,5465748e7cd5d89e18a2cee0e17e33cbe92c31b9562395f27d1366110514aaf1,True
D:\Research\vv_pose_project\outputs\phase9c_r1d_locked_full_confirmation\split_a\seed123\bounded_reliability_dual_modulation\train_yolo11l_pose\phase9c_r1d_run_report.json,D:\Research\vv_pose_project\outputs\phase9c_r1d_locked_full_confirmation\split_a\seed123\bounded_reliability_dual_modulation\train_yolo11l_pose\last.pt,034a64faf35135ffbc901082888f25c6e11745cee5c4bb4a0c1ae022d42732b5,True
D:\Research\vv_pose_project\outputs\phase9c_r1d_locked_full_confirmation\split_a\seed123\bounded_reliability_dual_modulation\train_yolo11l_pose\phase9c_r1d_run_report.json,D:\Research\vv_pose_project\outputs\phase9c_r1d_locked_full_confirmation\split_a\seed123\bounded_reliability_dual_modulation\train_yolo11l_pose\training_history.csv,ee108725e7b88aadf32560d04b9b1388227b6112d1f4b4407ab4bd3da9c4b8b4,True
D:\Research\vv_pose_project\outputs\phase9c_r1d_locked_full_confirmation\split_a\seed123\detector_aware_observed\train_rtmpose_performance\phase9c_r1d_run_report.json,D:\Research\vv_pose_project\outputs\phase9c_r1d_locked_full_confirmation\split_a\seed123\detector_aware_observed\train_rtmpose_performance\per_sample_rtmpose_performance_val.npz,8736314fed4a354121b12b6615acaf989b9089f8574b67bd53a8d32611757c53,True
D:\Research\vv_pose_project\outputs\phase9c_r1d_locked_full_confirmation\split_a\seed123\detector_aware_observed\train_rtmpose_performance\phase9c_r1d_run_report.json,D:\Research\vv_pose_project\outputs\phase9c_r1d_locked_full_confirmation\split_a\seed123\detector_aware_observed\train_rtmpose_performance\per_sample_rtmpose_performance_test.npz,a99684d6c3d82717bc25d1f6dcb0890a8c75834a2106d7067ac535d3a498f7bc,True
D:\Research\vv_pose_project\outputs\phase9c_r1d_locked_full_confirmation\split_a\seed123\detector_aware_observed\train_rtmpose_performance\phase9c_r1d_run_report.json,D:\Research\vv_pose_project\outputs\phase9c_r1d_locked_full_confirmation\split_a\seed123\detector_aware_observed\train_rtmpose_performance\per_sample_yolo11l_pose_val.npz,177a467dc87e3df68a3e0b29a314e5c9d9303949a4d8bdecf02229a4c467af1c,True
D:\Research\vv_pose_project\outputs\phase9c_r1d_locked_full_confirmation\split_a\seed123\detector_aware_observed\train_rtmpose_performance\phase9c_r1d_run_report.json,D:\Research\vv_pose_project\outputs\phase9c_r1d_locked_full_confirmation\split_a\seed123\detector_aware_observed\train_rtmpose_performance\per_sample_yolo11l_pose_test.npz,219b9a2bb3b559ee7ba5d3068a236ef063de457183313b9e08ebcfda4dc50fc5,True
D:\Research\vv_pose_project\outputs\phase9c_r1d_locked_full_confirmation\split_a\seed123\detector_aware_observed\train_rtmpose_performance\phase9c_r1d_run_report.json,D:\Research\vv_pose_project\outputs\phase9c_r1d_locked_full_confirmation\split_a\seed123\detector_aware_observed\train_rtmpose_performance\best.pt,b650ff7bd6a3384d3ffa0836654e222931b7b3de1d428b1206d2404845350263,True
D:\Research\vv_pose_project\outputs\phase9c_r1d_locked_full_confirmation\split_a\seed123\detector_aware_observed\train_rtmpose_performance\phase9c_r1d_run_report.json,D:\Research\vv_pose_project\outputs\phase9c_r1d_locked_full_confirmation\split_a\seed123\detector_aware_observed\train_rtmpose_performance\last.pt,3e2de660878f05a0e75b1b0ddf57ca61e34e38febb106b0c550597673f7ad870,True
D:\Research\vv_pose_project\outputs\phase9c_r1d_locked_full_confirmation\split_a\seed123\detector_aware_observed\train_rtmpose_performance\phase9c_r1d_run_report.json,D:\Research\vv_pose_project\outputs\phase9c_r1d_locked_full_confirmation\split_a\seed123\detector_aware_observed\train_rtmpose_performance\training_history.csv,fa99681f2aafb5399174787bde00793a1f77e22af8d2e886d4113de8ddfaa823,True
D:\Research\vv_pose_project\outputs\phase9c_r1d_locked_full_confirmation\split_a\seed123\detector_aware_observed\train_yolo11l_pose\phase9c_r1d_run_report.json,D:\Research\vv_pose_project\outputs\phase9c_r1d_locked_full_confirmation\split_a\seed123\detector_aware_observed\train_yolo11l_pose\per_sample_rtmpose_performance_val.npz,88468d15f988c1e3bf61d47b8491948602ff43fc1fbe44e082aa4bc8bb3e2e8e,True
D:\Research\vv_pose_project\outputs\phase9c_r1d_locked_full_confirmation\split_a\seed123\detector_aware_observed\train_yolo11l_pose\phase9c_r1d_run_report.json,D:\Research\vv_pose_project\outputs\phase9c_r1d_locked_full_confirmation\split_a\seed123\detector_aware_observed\train_yolo11l_pose\per_sample_rtmpose_performance_test.npz,b5f9a41404d44465857a8bc5a36750dbfc0e030de67b74cfd9d7450f8473c2a1,True
D:\Research\vv_pose_project\outputs\phase9c_r1d_locked_full_confirmation\split_a\seed123\detector_aware_observed\train_yolo11l_pose\phase9c_r1d_run_report.json,D:\Research\vv_pose_project\outputs\phase9c_r1d_locked_full_confirmation\split_a\seed123\detector_aware_observed\train_yolo11l_pose\per_sample_yolo11l_pose_val.npz,30ad85d14e0b9a12ffc2bd83d603d028cfb127e5d65d387a0401dd805d99a7c3,True
D:\Research\vv_pose_project\outputs\phase9c_r1d_locked_full_confirmation\split_a\seed123\detector_aware_observed\train_yolo11l_pose\phase9c_r1d_run_report.json,D:\Research\vv_pose_project\outputs\phase9c_r1d_locked_full_confirmation\split_a\seed123\detector_aware_observed\train_yolo11l_pose\per_sample_yolo11l_pose_test.npz,fb07f2f0be8e71f8c4eb730c52148bfbb436856ed8e9741f8d35c249b7dbf842,True
D:\Research\vv_pose_project\outputs\phase9c_r1d_locked_full_confirmation\split_a\seed123\detector_aware_observed\train_yolo11l_pose\phase9c_r1d_run_report.json,D:\Research\vv_pose_project\outputs\phase9c_r1d_locked_full_confirmation\split_a\seed123\detector_aware_observed\train_yolo11l_pose\best.pt,48eb93b5fd39dedebe0e63402f4148ce4e9aac8d3c14a9b7c999954f574f5035,True
D:\Research\vv_pose_project\outputs\phase9c_r1d_locked_full_confirmation\split_a\seed123\detector_aware_observed\train_yolo11l_pose\phase9c_r1d_run_report.json,D:\Research\vv_pose_project\outputs\phase9c_r1d_locked_full_confirmation\split_a\seed123\detector_aware_observed\train_yolo11l_pose\last.pt,0665783da97b2e5b0e4413880b82c507236a6a1bee40b12cec39aa492239abe0,True
D:\Research\vv_pose_project\outputs\phase9c_r1d_locked_full_confirmation\split_a\seed123\detector_aware_observed\train_yolo11l_pose\phase9c_r1d_run_report.json,D:\Research\vv_pose_project\outputs\phase9c_r1d_locked_full_confirmation\split_a\seed123\detector_aware_observed\train_yolo11l_pose\training_history.csv,eb7efe12f1259661efad6244b7ae19147a5bb7350dc46751c499bed1b4346931,True
D:\Research\vv_pose_project\outputs\phase9c_r1d_locked_full_confirmation\split_a\seed123\detector_conditioned_virtual_view_no_confidence\train_rtmpose_performance\phase9c_r1d_run_report.json,D:\Research\vv_pose_project\outputs\phase9c_r1d_locked_full_confirmation\split_a\seed123\detector_conditioned_virtual_view_no_confidence\train_rtmpose_performance\per_sample_rtmpose_performance_val.npz,ddc8a3d3f14fef78bf74394318b7247f59ccd02503927d4838ac638abad7891e,True
D:\Research\vv_pose_project\outputs\phase9c_r1d_locked_full_confirmation\split_a\seed123\detector_conditioned_virtual_view_no_confidence\train_rtmpose_performance\phase9c_r1d_run_report.json,D:\Research\vv_pose_project\outputs\phase9c_r1d_locked_full_confirmation\split_a\seed123\detector_conditioned_virtual_view_no_confidence\train_rtmpose_performance\per_sample_rtmpose_performance_test.npz,5376b7952113faf3a70ab8f6b4dd8f2c0c298a9b6e1d2ff572785f5949c56ef9,True
D:\Research\vv_pose_project\outputs\phase9c_r1d_locked_full_confirmation\split_a\seed123\detector_conditioned_virtual_view_no_confidence\train_rtmpose_performance\phase9c_r1d_run_report.json,D:\Research\vv_pose_project\outputs\phase9c_r1d_locked_full_confirmation\split_a\seed123\detector_conditioned_virtual_view_no_confidence\train_rtmpose_performance\per_sample_yolo11l_pose_val.npz,853d986fffce9852d5117db644a2bdb5e72544bcb7e7859ea29f5f70c61dffa5,True
D:\Research\vv_pose_project\outputs\phase9c_r1d_locked_full_confirmation\split_a\seed123\detector_conditioned_virtual_view_no_confidence\train_rtmpose_performance\phase9c_r1d_run_report.json,D:\Research\vv_pose_project\outputs\phase9c_r1d_locked_full_confirmation\split_a\seed123\detector_conditioned_virtual_view_no_confidence\train_rtmpose_performance\per_sample_yolo11l_pose_test.npz,29e0424d79253fbeb16f86c4a552208cc2c97337dadae61795c81daf788def51,True
D:\Research\vv_pose_project\outputs\phase9c_r1d_locked_full_confirmation\split_a\seed123\detector_conditioned_virtual_view_no_confidence\train_rtmpose_performance\phase9c_r1d_run_report.json,D:\Research\vv_pose_project\outputs\phase9c_r1d_locked_full_confirmation\split_a\seed123\detector_conditioned_virtual_view_no_confidence\train_rtmpose_performance\best.pt,164b7263e39870346fa2b26c85f2e0138e2318441edaa93f8622c04599b1d379,True
D:\Research\vv_pose_project\outputs\phase9c_r1d_locked_full_confirmation\split_a\seed123\detector_conditioned_virtual_view_no_confidence\train_rtmpose_performance\phase9c_r1d_run_report.json,D:\Research\vv_pose_project\outputs\phase9c_r1d_locked_full_confirmation\split_a\seed123\detector_conditioned_virtual_view_no_confidence\train_rtmpose_performance\last.pt,22d08424283b61decd43400ed53a91c4541e30556c056b2ed6142e46aae5ac91,True
D:\Research\vv_pose_project\outputs\phase9c_r1d_locked_full_confirmation\split_a\seed123\detector_conditioned_virtual_view_no_confidence\train_rtmpose_performance\phase9c_r1d_run_report.json,D:\Research\vv_pose_project\outputs\phase9c_r1d_locked_full_confirmation\split_a\seed123\detector_conditioned_virtual_view_no_confidence\train_rtmpose_performance\training_history.csv,e8b0cb67502a955c667d806144f42b16b08eac14dd08277026a6da13e167e78d,True
D:\Research\vv_pose_project\outputs\phase9c_r1d_locked_full_confirmation\split_a\seed123\detector_conditioned_virtual_view_no_confidence\train_yolo11l_pose\phase9c_r1d_run_report.json,D:\Research\vv_pose_project\outputs\phase9c_r1d_locked_full_confirmation\split_a\seed123\detector_conditioned_virtual_view_no_confidence\train_yolo11l_pose\per_sample_rtmpose_performance_val.npz,3bee7a3490b1add2fb15005bd1f5a1824bef7328907b7a899484358f089965e1,True
D:\Research\vv_pose_project\outputs\phase9c_r1d_locked_full_confirmation\split_a\seed123\detector_conditioned_virtual_view_no_confidence\train_yolo11l_pose\phase9c_r1d_run_report.json,D:\Research\vv_pose_project\outputs\phase9c_r1d_locked_full_confirmation\split_a\seed123\detector_conditioned_virtual_view_no_confidence\train_yolo11l_pose\per_sample_rtmpose_performance_test.npz,fa712c691932e0968ed3db8484a954f49000f81310be795602ac0b9f4d9cc688,True
D:\Research\vv_pose_project\outputs\phase9c_r1d_locked_full_confirmation\split_a\seed123\detector_conditioned_virtual_view_no_confidence\train_yolo11l_pose\phase9c_r1d_run_report.json,D:\Research\vv_pose_project\outputs\phase9c_r1d_locked_full_confirmation\split_a\seed123\detector_conditioned_virtual_view_no_confidence\train_yolo11l_pose\per_sample_yolo11l_pose_val.npz,60b517d384f73a5a85d18bb08580f6b2710da687bb6490f2728a94b1c052c516,True
D:\Research\vv_pose_project\outputs\phase9c_r1d_locked_full_confirmation\split_a\seed123\detector_conditioned_virtual_view_no_confidence\train_yolo11l_pose\phase9c_r1d_run_report.json,D:\Research\vv_pose_project\outputs\phase9c_r1d_locked_full_confirmation\split_a\seed123\detector_conditioned_virtual_view_no_confidence\train_yolo11l_pose\per_sample_yolo11l_pose_test.npz,b7b4e2b3e4240be46ec34aa7263b3e6b2c00104e73cba32b539bbe9026850bec,True
D:\Research\vv_pose_project\outputs\phase9c_r1d_locked_full_confirmation\split_a\seed123\detector_conditioned_virtual_view_no_confidence\train_yolo11l_pose\phase9c_r1d_run_report.json,D:\Research\vv_pose_project\outputs\phase9c_r1d_locked_full_confirmation\split_a\seed123\detector_conditioned_virtual_view_no_confidence\train_yolo11l_pose\best.pt,0d1546bc829b05269c5d2537431df7fa5c9dd54f1fe1b7ac3335ffc8bf1f4d07,True
D:\Research\vv_pose_project\outputs\phase9c_r1d_locked_full_confirmation\split_a\seed123\detector_conditioned_virtual_view_no_confidence\train_yolo11l_pose\phase9c_r1d_run_report.json,D:\Research\vv_pose_project\outputs\phase9c_r1d_locked_full_confirmation\split_a\seed123\detector_conditioned_virtual_view_no_confidence\train_yolo11l_pose\last.pt,993339b658d5872e5857fb3d3bb66818a81c93dab059e7bcbda8babbab23446e,True
D:\Research\vv_pose_project\outputs\phase9c_r1d_locked_full_confirmation\split_a\seed123\detector_conditioned_virtual_view_no_confidence\train_yolo11l_pose\phase9c_r1d_run_report.json,D:\Research\vv_pose_project\outputs\phase9c_r1d_locked_full_confirmation\split_a\seed123\detector_conditioned_virtual_view_no_confidence\train_yolo11l_pose\training_history.csv,78e3e50ca78e00498e9d8498110ea573aa4f8f386e5b92023b0c9237f5427885,True
D:\Research\vv_pose_project\outputs\phase9c_r1d_locked_full_confirmation\split_a\seed2026\bounded_reliability_dual_modulation\train_rtmpose_performance\phase9c_r1d_run_report.json,D:\Research\vv_pose_project\outputs\phase9c_r1d_locked_full_confirmation\split_a\seed2026\bounded_reliability_dual_modulation\train_rtmpose_performance\per_sample_rtmpose_performance_val.npz,0e48d2373efd1a6fd3bf8d9cdd13f3812726a356a134df7c457c2a797094a727,True
D:\Research\vv_pose_project\outputs\phase9c_r1d_locked_full_confirmation\split_a\seed2026\bounded_reliability_dual_modulation\train_rtmpose_performance\phase9c_r1d_run_report.json,D:\Research\vv_pose_project\outputs\phase9c_r1d_locked_full_confirmation\split_a\seed2026\bounded_reliability_dual_modulation\train_rtmpose_performance\per_sample_rtmpose_performance_test.npz,79babb398a815cdcab8a8d57f5a78fe1416770caebbcd4ddc691e05046126404,True
D:\Research\vv_pose_project\outputs\phase9c_r1d_locked_full_confirmation\split_a\seed2026\bounded_reliability_dual_modulation\train_rtmpose_performance\phase9c_r1d_run_report.json,D:\Research\vv_pose_project\outputs\phase9c_r1d_locked_full_confirmation\split_a\seed2026\bounded_reliability_dual_modulation\train_rtmpose_performance\per_sample_yolo11l_pose_val.npz,4aa296ead284a69a70e1991930dc4026d6da54eaf7928007bc0647f39d55e133,True
D:\Research\vv_pose_project\outputs\phase9c_r1d_locked_full_confirmation\split_a\seed2026\bounded_reliability_dual_modulation\train_rtmpose_performance\phase9c_r1d_run_report.json,D:\Research\vv_pose_project\outputs\phase9c_r1d_locked_full_confirmation\split_a\seed2026\bounded_reliability_dual_modulation\train_rtmpose_performance\per_sample_yolo11l_pose_test.npz,8e7916c840396494582563773df0ab7d1f55637f912772c30dcb3450143fdd97,True
D:\Research\vv_pose_project\outputs\phase9c_r1d_locked_full_confirmation\split_a\seed2026\bounded_reliability_dual_modulation\train_rtmpose_performance\phase9c_r1d_run_report.json,D:\Research\vv_pose_project\outputs\phase9c_r1d_locked_full_confirmation\split_a\seed2026\bounded_reliability_dual_modulation\train_rtmpose_performance\best.pt,caa668776e19eb58af2cf3830889ab7694f1c26b37ace10bfdf4d4d18f9f78bd,True
D:\Research\vv_pose_project\outputs\phase9c_r1d_locked_full_confirmation\split_a\seed2026\bounded_reliability_dual_modulation\train_rtmpose_performance\phase9c_r1d_run_report.json,D:\Research\vv_pose_project\outputs\phase9c_r1d_locked_full_confirmation\split_a\seed2026\bounded_reliability_dual_modulation\train_rtmpose_performance\last.pt,5b11a98c9042f1e73dc0ba17162eac342bea7e0ade83ebeb6e46bc48dc0efb8a,True
D:\Research\vv_pose_project\outputs\phase9c_r1d_locked_full_confirmation\split_a\seed2026\bounded_reliability_dual_modulation\train_rtmpose_performance\phase9c_r1d_run_report.json,D:\Research\vv_pose_project\outputs\phase9c_r1d_locked_full_confirmation\split_a\seed2026\bounded_reliability_dual_modulation\train_rtmpose_performance\training_history.csv,3151ed0b21dbafb7c0c94ce49763caac790400f8ced9445bcd3f1b70739bff6c,True
D:\Research\vv_pose_project\outputs\phase9c_r1d_locked_full_confirmation\split_a\seed2026\bounded_reliability_dual_modulation\train_yolo11l_pose\phase9c_r1d_run_report.json,D:\Research\vv_pose_project\outputs\phase9c_r1d_locked_full_confirmation\split_a\seed2026\bounded_reliability_dual_modulation\train_yolo11l_pose\per_sample_rtmpose_performance_val.npz,8f01385a212e36965bbc1b5f85ed83ae3129b6856fd42760e1776acd8b72b144,True
D:\Research\vv_pose_project\outputs\phase9c_r1d_locked_full_confirmation\split_a\seed2026\bounded_reliability_dual_modulation\train_yolo11l_pose\phase9c_r1d_run_report.json,D:\Research\vv_pose_project\outputs\phase9c_r1d_locked_full_confirmation\split_a\seed2026\bounded_reliability_dual_modulation\train_yolo11l_pose\per_sample_rtmpose_performance_test.npz,4ff859d737fa26546f9fcc0a5b288bdec45b5f643ef191be780b9ee14c6fdf60,True
D:\Research\vv_pose_project\outputs\phase9c_r1d_locked_full_confirmation\split_a\seed2026\bounded_reliability_dual_modulation\train_yolo11l_pose\phase9c_r1d_run_report.json,D:\Research\vv_pose_project\outputs\phase9c_r1d_locked_full_confirmation\split_a\seed2026\bounded_reliability_dual_modulation\train_yolo11l_pose\per_sample_yolo11l_pose_val.npz,6fa9da76c83617e862e4e53f5aba14f8fafcc1851004162459601bbcfb723e77,True
D:\Research\vv_pose_project\outputs\phase9c_r1d_locked_full_confirmation\split_a\seed2026\bounded_reliability_dual_modulation\train_yolo11l_pose\phase9c_r1d_run_report.json,D:\Research\vv_pose_project\outputs\phase9c_r1d_locked_full_confirmation\split_a\seed2026\bounded_reliability_dual_modulation\train_yolo11l_pose\per_sample_yolo11l_pose_test.npz,a238a8b64a604b800dde6f2dc0636c79d762a09dbb4a87e34e8b68fce5bad617,True
D:\Research\vv_pose_project\outputs\phase9c_r1d_locked_full_confirmation\split_a\seed2026\bounded_reliability_dual_modulation\train_yolo11l_pose\phase9c_r1d_run_report.json,D:\Research\vv_pose_project\outputs\phase9c_r1d_locked_full_confirmation\split_a\seed2026\bounded_reliability_dual_modulation\train_yolo11l_pose\best.pt,a3e197bd6e564e6740f3713cbc3cb2cf0de00fe1cc9e3bcfe7bfb4d815b71fd1,True
D:\Research\vv_pose_project\outputs\phase9c_r1d_locked_full_confirmation\split_a\seed2026\bounded_reliability_dual_modulation\train_yolo11l_pose\phase9c_r1d_run_report.json,D:\Research\vv_pose_project\outputs\phase9c_r1d_locked_full_confirmation\split_a\seed2026\bounded_reliability_dual_modulation\train_yolo11l_pose\last.pt,eb76d747cf7b31a52595c4775ce62ffa62ea4ea1dd04c912b54305d2f39f2239,True
D:\Research\vv_pose_project\outputs\phase9c_r1d_locked_full_confirmation\split_a\seed2026\bounded_reliability_dual_modulation\train_yolo11l_pose\phase9c_r1d_run_report.json,D:\Research\vv_pose_project\outputs\phase9c_r1d_locked_full_confirmation\split_a\seed2026\bounded_reliability_dual_modulation\train_yolo11l_pose\training_history.csv,110f925268e6ba207c12e043cb598bbe0d6ab0c0f19cde5926d8de56385f6961,True
D:\Research\vv_pose_project\outputs\phase9c_r1d_locked_full_confirmation\split_a\seed2026\detector_aware_observed\train_rtmpose_performance\phase9c_r1d_run_report.json,D:\Research\vv_pose_project\outputs\phase9c_r1d_locked_full_confirmation\split_a\seed2026\detector_aware_observed\train_rtmpose_performance\per_sample_rtmpose_performance_val.npz,34a2a5bf3d1829d5e653f09740a102d53a315f24616f9d570bc913ba2c3f16b3,True
D:\Research\vv_pose_project\outputs\phase9c_r1d_locked_full_confirmation\split_a\seed2026\detector_aware_observed\train_rtmpose_performance\phase9c_r1d_run_report.json,D:\Research\vv_pose_project\outputs\phase9c_r1d_locked_full_confirmation\split_a\seed2026\detector_aware_observed\train_rtmpose_performance\per_sample_rtmpose_performance_test.npz,a9608186bb5bf076bdb10305ac78049e9be2efb62eb8666e4c2069241056e9c6,True
D:\Research\vv_pose_project\outputs\phase9c_r1d_locked_full_confirmation\split_a\seed2026\detector_aware_observed\train_rtmpose_performance\phase9c_r1d_run_report.json,D:\Research\vv_pose_project\outputs\phase9c_r1d_locked_full_confirmation\split_a\seed2026\detector_aware_observed\train_rtmpose_performance\per_sample_yolo11l_pose_val.npz,0b365730dad21012cd83b70f3455344719b19abb6ee5f6580814ad456224d185,True
D:\Research\vv_pose_project\outputs\phase9c_r1d_locked_full_confirmation\split_a\seed2026\detector_aware_observed\train_rtmpose_performance\phase9c_r1d_run_report.json,D:\Research\vv_pose_project\outputs\phase9c_r1d_locked_full_confirmation\split_a\seed2026\detector_aware_observed\train_rtmpose_performance\per_sample_yolo11l_pose_test.npz,0fd9fe27a2b0b19bc21bb560a58043d085adf359f165c157f0f8c6f195c3967a,True
D:\Research\vv_pose_project\outputs\phase9c_r1d_locked_full_confirmation\split_a\seed2026\detector_aware_observed\train_rtmpose_performance\phase9c_r1d_run_report.json,D:\Research\vv_pose_project\outputs\phase9c_r1d_locked_full_confirmation\split_a\seed2026\detector_aware_observed\train_rtmpose_performance\best.pt,ce79666bbcc9fdee4f57b4b55edf83d923dcc2e4795d8e0047f5ad531baabc0d,True
D:\Research\vv_pose_project\outputs\phase9c_r1d_locked_full_confirmation\split_a\seed2026\detector_aware_observed\train_rtmpose_performance\phase9c_r1d_run_report.json,D:\Research\vv_pose_project\outputs\phase9c_r1d_locked_full_confirmation\split_a\seed2026\detector_aware_observed\train_rtmpose_performance\last.pt,cbfe6f821ae7929fc09975398c4b5a99dc9cfd253d8216407022e6c078adad69,True
D:\Research\vv_pose_project\outputs\phase9c_r1d_locked_full_confirmation\split_a\seed2026\detector_aware_observed\train_rtmpose_performance\phase9c_r1d_run_report.json,D:\Research\vv_pose_project\outputs\phase9c_r1d_locked_full_confirmation\split_a\seed2026\detector_aware_observed\train_rtmpose_performance\training_history.csv,1726ee4129f93f718ecbaad0bbd43ccd8772b6cbd383aae777f0344567339937,True
D:\Research\vv_pose_project\outputs\phase9c_r1d_locked_full_confirmation\split_a\seed2026\detector_aware_observed\train_yolo11l_pose\phase9c_r1d_run_report.json,D:\Research\vv_pose_project\outputs\phase9c_r1d_locked_full_confirmation\split_a\seed2026\detector_aware_observed\train_yolo11l_pose\per_sample_rtmpose_performance_val.npz,eafadca667e1a6f5e6a84a6d9659482764c83dd9d2e13c3e2589e57b75e7d53c,True
D:\Research\vv_pose_project\outputs\phase9c_r1d_locked_full_confirmation\split_a\seed2026\detector_aware_observed\train_yolo11l_pose\phase9c_r1d_run_report.json,D:\Research\vv_pose_project\outputs\phase9c_r1d_locked_full_confirmation\split_a\seed2026\detector_aware_observed\train_yolo11l_pose\per_sample_rtmpose_performance_test.npz,751f8318657d4e95092d71bff36a6087fab339c6a342c4a1ba6754330d26d943,True
D:\Research\vv_pose_project\outputs\phase9c_r1d_locked_full_confirmation\split_a\seed2026\detector_aware_observed\train_yolo11l_pose\phase9c_r1d_run_report.json,D:\Research\vv_pose_project\outputs\phase9c_r1d_locked_full_confirmation\split_a\seed2026\detector_aware_observed\train_yolo11l_pose\per_sample_yolo11l_pose_val.npz,b9d6347bccc54e0d6926ed2eb7677dd493798441d1efbe432f97108e6a144f5d,True
D:\Research\vv_pose_project\outputs\phase9c_r1d_locked_full_confirmation\split_a\seed2026\detector_aware_observed\train_yolo11l_pose\phase9c_r1d_run_report.json,D:\Research\vv_pose_project\outputs\phase9c_r1d_locked_full_confirmation\split_a\seed2026\detector_aware_observed\train_yolo11l_pose\per_sample_yolo11l_pose_test.npz,fe0403f709292805a24d423a918b4c81b973e4be843c701ecdb7c683693d487c,True
D:\Research\vv_pose_project\outputs\phase9c_r1d_locked_full_confirmation\split_a\seed2026\detector_aware_observed\train_yolo11l_pose\phase9c_r1d_run_report.json,D:\Research\vv_pose_project\outputs\phase9c_r1d_locked_full_confirmation\split_a\seed2026\detector_aware_observed\train_yolo11l_pose\best.pt,209ed56c481ef9964b999d5b4529c4593738884aba7305a0e76a7333883986e9,True
D:\Research\vv_pose_project\outputs\phase9c_r1d_locked_full_confirmation\split_a\seed2026\detector_aware_observed\train_yolo11l_pose\phase9c_r1d_run_report.json,D:\Research\vv_pose_project\outputs\phase9c_r1d_locked_full_confirmation\split_a\seed2026\detector_aware_observed\train_yolo11l_pose\last.pt,92406c2ec912cbece3b9fba6deed7592c8740cd7a901256c4b808bddd91f2c36,True
D:\Research\vv_pose_project\outputs\phase9c_r1d_locked_full_confirmation\split_a\seed2026\detector_aware_observed\train_yolo11l_pose\phase9c_r1d_run_report.json,D:\Research\vv_pose_project\outputs\phase9c_r1d_locked_full_confirmation\split_a\seed2026\detector_aware_observed\train_yolo11l_pose\training_history.csv,243bb879ff5e4cab796806d40d0bc4a4123a06bda1b78813e253b9ab4401b3a1,True
D:\Research\vv_pose_project\outputs\phase9c_r1d_locked_full_confirmation\split_a\seed2026\detector_conditioned_virtual_view_no_confidence\train_rtmpose_performance\phase9c_r1d_run_report.json,D:\Research\vv_pose_project\outputs\phase9c_r1d_locked_full_confirmation\split_a\seed2026\detector_conditioned_virtual_view_no_confidence\train_rtmpose_performance\per_sample_rtmpose_performance_val.npz,da1911bd9ff23c26d6fa7545a1e12ec8ab70fa45baf20cc1b5151f8db2156e2f,True
D:\Research\vv_pose_project\outputs\phase9c_r1d_locked_full_confirmation\split_a\seed2026\detector_conditioned_virtual_view_no_confidence\train_rtmpose_performance\phase9c_r1d_run_report.json,D:\Research\vv_pose_project\outputs\phase9c_r1d_locked_full_confirmation\split_a\seed2026\detector_conditioned_virtual_view_no_confidence\train_rtmpose_performance\per_sample_rtmpose_performance_test.npz,0bd071737e8e6f6781f3e90224dfcf028ea186ad9a837e3ec815c59e6c2c31c8,True
D:\Research\vv_pose_project\outputs\phase9c_r1d_locked_full_confirmation\split_a\seed2026\detector_conditioned_virtual_view_no_confidence\train_rtmpose_performance\phase9c_r1d_run_report.json,D:\Research\vv_pose_project\outputs\phase9c_r1d_locked_full_confirmation\split_a\seed2026\detector_conditioned_virtual_view_no_confidence\train_rtmpose_performance\per_sample_yolo11l_pose_val.npz,5b6790997dc3c72ba06577c79007a248962822c7ce1eccc9582b1442cf3fc608,True
D:\Research\vv_pose_project\outputs\phase9c_r1d_locked_full_confirmation\split_a\seed2026\detector_conditioned_virtual_view_no_confidence\train_rtmpose_performance\phase9c_r1d_run_report.json,D:\Research\vv_pose_project\outputs\phase9c_r1d_locked_full_confirmation\split_a\seed2026\detector_conditioned_virtual_view_no_confidence\train_rtmpose_performance\per_sample_yolo11l_pose_test.npz,d1db7a75feb70f07a2668cbabc12c6c63c1c487ea78f9e43a307b50559ddc749,True
D:\Research\vv_pose_project\outputs\phase9c_r1d_locked_full_confirmation\split_a\seed2026\detector_conditioned_virtual_view_no_confidence\train_rtmpose_performance\phase9c_r1d_run_report.json,D:\Research\vv_pose_project\outputs\phase9c_r1d_locked_full_confirmation\split_a\seed2026\detector_conditioned_virtual_view_no_confidence\train_rtmpose_performance\best.pt,afd58056b48b9e852796be88cdc20dc82e5c6637afb20426c362b6e652f93ddb,True
D:\Research\vv_pose_project\outputs\phase9c_r1d_locked_full_confirmation\split_a\seed2026\detector_conditioned_virtual_view_no_confidence\train_rtmpose_performance\phase9c_r1d_run_report.json,D:\Research\vv_pose_project\outputs\phase9c_r1d_locked_full_confirmation\split_a\seed2026\detector_conditioned_virtual_view_no_confidence\train_rtmpose_performance\last.pt,227240b3c104d7aad60819ab25e07c853d4c3ebeff147a354795b812ab5e7bf5,True
D:\Research\vv_pose_project\outputs\phase9c_r1d_locked_full_confirmation\split_a\seed2026\detector_conditioned_virtual_view_no_confidence\train_rtmpose_performance\phase9c_r1d_run_report.json,D:\Research\vv_pose_project\outputs\phase9c_r1d_locked_full_confirmation\split_a\seed2026\detector_conditioned_virtual_view_no_confidence\train_rtmpose_performance\training_history.csv,3686e71cc590ef7b67f7ea616e9f9c9b68698e333a7e11e47ef8eabecd709b90,True
D:\Research\vv_pose_project\outputs\phase9c_r1d_locked_full_confirmation\split_a\seed2026\detector_conditioned_virtual_view_no_confidence\train_yolo11l_pose\phase9c_r1d_run_report.json,D:\Research\vv_pose_project\outputs\phase9c_r1d_locked_full_confirmation\split_a\seed2026\detector_conditioned_virtual_view_no_confidence\train_yolo11l_pose\per_sample_rtmpose_performance_val.npz,3f3c46388c2f1343dc9eea9b672be54188da311fb11ed38b3f6473b414ae7196,True
D:\Research\vv_pose_project\outputs\phase9c_r1d_locked_full_confirmation\split_a\seed2026\detector_conditioned_virtual_view_no_confidence\train_yolo11l_pose\phase9c_r1d_run_report.json,D:\Research\vv_pose_project\outputs\phase9c_r1d_locked_full_confirmation\split_a\seed2026\detector_conditioned_virtual_view_no_confidence\train_yolo11l_pose\per_sample_rtmpose_performance_test.npz,149096f5da0fd5f8f927997afdabf345cc050564a3b13a2d388c76833900785a,True
D:\Research\vv_pose_project\outputs\phase9c_r1d_locked_full_confirmation\split_a\seed2026\detector_conditioned_virtual_view_no_confidence\train_yolo11l_pose\phase9c_r1d_run_report.json,D:\Research\vv_pose_project\outputs\phase9c_r1d_locked_full_confirmation\split_a\seed2026\detector_conditioned_virtual_view_no_confidence\train_yolo11l_pose\per_sample_yolo11l_pose_val.npz,440ee7840151162bdb00ac1ff00c41c3bc1d456a2780d956840f940cb46e27de,True
D:\Research\vv_pose_project\outputs\phase9c_r1d_locked_full_confirmation\split_a\seed2026\detector_conditioned_virtual_view_no_confidence\train_yolo11l_pose\phase9c_r1d_run_report.json,D:\Research\vv_pose_project\outputs\phase9c_r1d_locked_full_confirmation\split_a\seed2026\detector_conditioned_virtual_view_no_confidence\train_yolo11l_pose\per_sample_yolo11l_pose_test.npz,14620728c454226b3e3d1e779b1f473e3afc891a776004e8257b6fdaa8788bf8,True
D:\Research\vv_pose_project\outputs\phase9c_r1d_locked_full_confirmation\split_a\seed2026\detector_conditioned_virtual_view_no_confidence\train_yolo11l_pose\phase9c_r1d_run_report.json,D:\Research\vv_pose_project\outputs\phase9c_r1d_locked_full_confirmation\split_a\seed2026\detector_conditioned_virtual_view_no_confidence\train_yolo11l_pose\best.pt,fa22cf160be5560538a81ce2ded4dd1be276aa63fa5c0fe235e41eea623ee298,True
D:\Research\vv_pose_project\outputs\phase9c_r1d_locked_full_confirmation\split_a\seed2026\detector_conditioned_virtual_view_no_confidence\train_yolo11l_pose\phase9c_r1d_run_report.json,D:\Research\vv_pose_project\outputs\phase9c_r1d_locked_full_confirmation\split_a\seed2026\detector_conditioned_virtual_view_no_confidence\train_yolo11l_pose\last.pt,aad61f34a15acde5a583353266b408a44ba43f095fcb4459e4f0f13af8d6cbdf,True
D:\Research\vv_pose_project\outputs\phase9c_r1d_locked_full_confirmation\split_a\seed2026\detector_conditioned_virtual_view_no_confidence\train_yolo11l_pose\phase9c_r1d_run_report.json,D:\Research\vv_pose_project\outputs\phase9c_r1d_locked_full_confirmation\split_a\seed2026\detector_conditioned_virtual_view_no_confidence\train_yolo11l_pose\training_history.csv,5f3e59778db1d20a3ad01bba943ffd977c4adba3ee12a57969d5191b8b56542d,True
D:\Research\vv_pose_project\outputs\phase9c_r1d_locked_full_confirmation\split_a\seed42\bounded_reliability_dual_modulation\train_rtmpose_performance\phase9c_r1d_run_report.json,D:\Research\vv_pose_project\outputs\phase9c_r1d_locked_full_confirmation\split_a\seed42\bounded_reliability_dual_modulation\train_rtmpose_performance\per_sample_rtmpose_performance_val.npz,8e272678ad3a3f0751fbc29c6a832f4f69c947a022e271ea4c08b331737a1938,True
D:\Research\vv_pose_project\outputs\phase9c_r1d_locked_full_confirmation\split_a\seed42\bounded_reliability_dual_modulation\train_rtmpose_performance\phase9c_r1d_run_report.json,D:\Research\vv_pose_project\outputs\phase9c_r1d_locked_full_confirmation\split_a\seed42\bounded_reliability_dual_modulation\train_rtmpose_performance\per_sample_rtmpose_performance_test.npz,07a5794807f4963794f1c0c8118fc1ec9f800afac9cc02268fd0b7625d1baf3d,True
D:\Research\vv_pose_project\outputs\phase9c_r1d_locked_full_confirmation\split_a\seed42\bounded_reliability_dual_modulation\train_rtmpose_performance\phase9c_r1d_run_report.json,D:\Research\vv_pose_project\outputs\phase9c_r1d_locked_full_confirmation\split_a\seed42\bounded_reliability_dual_modulation\train_rtmpose_performance\per_sample_yolo11l_pose_val.npz,379ad005c3ca25f0b1d6f09ff3058bcf245485b24522b5bf3bbe6e4f33cb9b72,True
D:\Research\vv_pose_project\outputs\phase9c_r1d_locked_full_confirmation\split_a\seed42\bounded_reliability_dual_modulation\train_rtmpose_performance\phase9c_r1d_run_report.json,D:\Research\vv_pose_project\outputs\phase9c_r1d_locked_full_confirmation\split_a\seed42\bounded_reliability_dual_modulation\train_rtmpose_performance\per_sample_yolo11l_pose_test.npz,926f5ab3a76d2d2954a6ef3b235e06567755eb5442760f504564368296f717a7,True
D:\Research\vv_pose_project\outputs\phase9c_r1d_locked_full_confirmation\split_a\seed42\bounded_reliability_dual_modulation\train_rtmpose_performance\phase9c_r1d_run_report.json,D:\Research\vv_pose_project\outputs\phase9c_r1d_locked_full_confirmation\split_a\seed42\bounded_reliability_dual_modulation\train_rtmpose_performance\best.pt,2864084fb9f3e34fa7fc4fa8938e7a5deaa40756b3b002a3a5e5fda0c8b4f522,True
D:\Research\vv_pose_project\outputs\phase9c_r1d_locked_full_confirmation\split_a\seed42\bounded_reliability_dual_modulation\train_rtmpose_performance\phase9c_r1d_run_report.json,D:\Research\vv_pose_project\outputs\phase9c_r1d_locked_full_confirmation\split_a\seed42\bounded_reliability_dual_modulation\train_rtmpose_performance\last.pt,0f1bcff998155ead3feb01582d5f21cdc2b805799207ff2b92d9136df4c1ad16,True
D:\Research\vv_pose_project\outputs\phase9c_r1d_locked_full_confirmation\split_a\seed42\bounded_reliability_dual_modulation\train_rtmpose_performance\phase9c_r1d_run_report.json,D:\Research\vv_pose_project\outputs\phase9c_r1d_locked_full_confirmation\split_a\seed42\bounded_reliability_dual_modulation\train_rtmpose_performance\training_history.csv,0267cff8023a927612b934fe54fbf109ddfb7f0c14ee1412bf08bd79d6f9cc18,True
D:\Research\vv_pose_project\outputs\phase9c_r1d_locked_full_confirmation\split_a\seed42\bounded_reliability_dual_modulation\train_yolo11l_pose\phase9c_r1d_run_report.json,D:\Research\vv_pose_project\outputs\phase9c_r1d_locked_full_confirmation\split_a\seed42\bounded_reliability_dual_modulation\train_yolo11l_pose\per_sample_rtmpose_performance_val.npz,f8a74831484fcc5fc4b39c4d14109c9c876884714cb0d567a4fd898e8fe68ff6,True
D:\Research\vv_pose_project\outputs\phase9c_r1d_locked_full_confirmation\split_a\seed42\bounded_reliability_dual_modulation\train_yolo11l_pose\phase9c_r1d_run_report.json,D:\Research\vv_pose_project\outputs\phase9c_r1d_locked_full_confirmation\split_a\seed42\bounded_reliability_dual_modulation\train_yolo11l_pose\per_sample_rtmpose_performance_test.npz,09145d480b4cb4887217845a72637ca0d9bfd1a54e9b5fa4f6a4574361526834,True
D:\Research\vv_pose_project\outputs\phase9c_r1d_locked_full_confirmation\split_a\seed42\bounded_reliability_dual_modulation\train_yolo11l_pose\phase9c_r1d_run_report.json,D:\Research\vv_pose_project\outputs\phase9c_r1d_locked_full_confirmation\split_a\seed42\bounded_reliability_dual_modulation\train_yolo11l_pose\per_sample_yolo11l_pose_val.npz,e84670058a66f8d89d324873282b9c347e68cd2be167b9575deefe22d7895e91,True
D:\Research\vv_pose_project\outputs\phase9c_r1d_locked_full_confirmation\split_a\seed42\bounded_reliability_dual_modulation\train_yolo11l_pose\phase9c_r1d_run_report.json,D:\Research\vv_pose_project\outputs\phase9c_r1d_locked_full_confirmation\split_a\seed42\bounded_reliability_dual_modulation\train_yolo11l_pose\per_sample_yolo11l_pose_test.npz,ca04163e41a8852fdeda2082f15cf3e47f1afc585f6d32c180a3f5538cd0c3e4,True
D:\Research\vv_pose_project\outputs\phase9c_r1d_locked_full_confirmation\split_a\seed42\bounded_reliability_dual_modulation\train_yolo11l_pose\phase9c_r1d_run_report.json,D:\Research\vv_pose_project\outputs\phase9c_r1d_locked_full_confirmation\split_a\seed42\bounded_reliability_dual_modulation\train_yolo11l_pose\best.pt,c7d68daedcb897d9b2bf05ffdd6359f0160dbceef46eb501d10ee1b1ebfee8bd,True
D:\Research\vv_pose_project\outputs\phase9c_r1d_locked_full_confirmation\split_a\seed42\bounded_reliability_dual_modulation\train_yolo11l_pose\phase9c_r1d_run_report.json,D:\Research\vv_pose_project\outputs\phase9c_r1d_locked_full_confirmation\split_a\seed42\bounded_reliability_dual_modulation\train_yolo11l_pose\last.pt,4dd73d7b697a67c62659568a3d23969196273488f9ada79161fc440900f4fd45,True
D:\Research\vv_pose_project\outputs\phase9c_r1d_locked_full_confirmation\split_a\seed42\bounded_reliability_dual_modulation\train_yolo11l_pose\phase9c_r1d_run_report.json,D:\Research\vv_pose_project\outputs\phase9c_r1d_locked_full_confirmation\split_a\seed42\bounded_reliability_dual_modulation\train_yolo11l_pose\training_history.csv,216db2bd410f0418990991b97836731f167dbadb0a1fa5dc1b2ef0ea5b6dd64d,True
D:\Research\vv_pose_project\outputs\phase9c_r1d_locked_full_confirmation\split_a\seed42\detector_aware_observed\train_rtmpose_performance\phase9c_r1d_run_report.json,D:\Research\vv_pose_project\outputs\phase9c_r1d_locked_full_confirmation\split_a\seed42\detector_aware_observed\train_rtmpose_performance\per_sample_rtmpose_performance_val.npz,93392ac8acc99df0da93e1babc6f506e7cb07cae42d1eeb66a577edbba814ef9,True
D:\Research\vv_pose_project\outputs\phase9c_r1d_locked_full_confirmation\split_a\seed42\detector_aware_observed\train_rtmpose_performance\phase9c_r1d_run_report.json,D:\Research\vv_pose_project\outputs\phase9c_r1d_locked_full_confirmation\split_a\seed42\detector_aware_observed\train_rtmpose_performance\per_sample_rtmpose_performance_test.npz,131bf29e1624c081fa510d5c7f3ea4a2adfdc07f3640201755d514a633b505bf,True
D:\Research\vv_pose_project\outputs\phase9c_r1d_locked_full_confirmation\split_a\seed42\detector_aware_observed\train_rtmpose_performance\phase9c_r1d_run_report.json,D:\Research\vv_pose_project\outputs\phase9c_r1d_locked_full_confirmation\split_a\seed42\detector_aware_observed\train_rtmpose_performance\per_sample_yolo11l_pose_val.npz,d5272f1201f201aa1b9beeccb5cfc5b8bfa8547145df959256d8f337798e6c33,True
D:\Research\vv_pose_project\outputs\phase9c_r1d_locked_full_confirmation\split_a\seed42\detector_aware_observed\train_rtmpose_performance\phase9c_r1d_run_report.json,D:\Research\vv_pose_project\outputs\phase9c_r1d_locked_full_confirmation\split_a\seed42\detector_aware_observed\train_rtmpose_performance\per_sample_yolo11l_pose_test.npz,505c25987e898ed13b7e57d435e1e02442ae9a798eac57a58dbc037a2e327693,True
D:\Research\vv_pose_project\outputs\phase9c_r1d_locked_full_confirmation\split_a\seed42\detector_aware_observed\train_rtmpose_performance\phase9c_r1d_run_report.json,D:\Research\vv_pose_project\outputs\phase9c_r1d_locked_full_confirmation\split_a\seed42\detector_aware_observed\train_rtmpose_performance\best.pt,25db846f7c023fe93ebe9bb05f4a72d347c185d6db3fe0428d23c1f8437b0762,True
D:\Research\vv_pose_project\outputs\phase9c_r1d_locked_full_confirmation\split_a\seed42\detector_aware_observed\train_rtmpose_performance\phase9c_r1d_run_report.json,D:\Research\vv_pose_project\outputs\phase9c_r1d_locked_full_confirmation\split_a\seed42\detector_aware_observed\train_rtmpose_performance\last.pt,879142f8a6290104e2ca63aad83a44668ff172985499d13e0be55779303aeec7,True
D:\Research\vv_pose_project\outputs\phase9c_r1d_locked_full_confirmation\split_a\seed42\detector_aware_observed\train_rtmpose_performance\phase9c_r1d_run_report.json,D:\Research\vv_pose_project\outputs\phase9c_r1d_locked_full_confirmation\split_a\seed42\detector_aware_observed\train_rtmpose_performance\training_history.csv,810942f986e24467df41f75d8eb5db297e4678c46122c3caad7acfa321052223,True
D:\Research\vv_pose_project\outputs\phase9c_r1d_locked_full_confirmation\split_a\seed42\detector_aware_observed\train_yolo11l_pose\phase9c_r1d_run_report.json,D:\Research\vv_pose_project\outputs\phase9c_r1d_locked_full_confirmation\split_a\seed42\detector_aware_observed\train_yolo11l_pose\per_sample_rtmpose_performance_val.npz,d177987792c610ee1f3eb7a03931dc1522df7ccdae44ca91aae399384afe727b,True
D:\Research\vv_pose_project\outputs\phase9c_r1d_locked_full_confirmation\split_a\seed42\detector_aware_observed\train_yolo11l_pose\phase9c_r1d_run_report.json,D:\Research\vv_pose_project\outputs\phase9c_r1d_locked_full_confirmation\split_a\seed42\detector_aware_observed\train_yolo11l_pose\per_sample_rtmpose_performance_test.npz,cb6157a38528e17feb40ddfba49849d29c3e9dfcd93ad58cd5a895fd4efcd1b1,True
D:\Research\vv_pose_project\outputs\phase9c_r1d_locked_full_confirmation\split_a\seed42\detector_aware_observed\train_yolo11l_pose\phase9c_r1d_run_report.json,D:\Research\vv_pose_project\outputs\phase9c_r1d_locked_full_confirmation\split_a\seed42\detector_aware_observed\train_yolo11l_pose\per_sample_yolo11l_pose_val.npz,bf1cc7fea43ae5e959bdfdde2c6c71dd7ac9b27c9df75dbc491aaa66b9251e16,True
D:\Research\vv_pose_project\outputs\phase9c_r1d_locked_full_confirmation\split_a\seed42\detector_aware_observed\train_yolo11l_pose\phase9c_r1d_run_report.json,D:\Research\vv_pose_project\outputs\phase9c_r1d_locked_full_confirmation\split_a\seed42\detector_aware_observed\train_yolo11l_pose\per_sample_yolo11l_pose_test.npz,cb41089dceae365123dce56a9cee7acaa10e38e3ae7ea09df00a25f75abf5b0f,True
D:\Research\vv_pose_project\outputs\phase9c_r1d_locked_full_confirmation\split_a\seed42\detector_aware_observed\train_yolo11l_pose\phase9c_r1d_run_report.json,D:\Research\vv_pose_project\outputs\phase9c_r1d_locked_full_confirmation\split_a\seed42\detector_aware_observed\train_yolo11l_pose\best.pt,75f806b8592a334eff011d4c9575db13f2ee38c87314866acfde4b9e2beea5f9,True
D:\Research\vv_pose_project\outputs\phase9c_r1d_locked_full_confirmation\split_a\seed42\detector_aware_observed\train_yolo11l_pose\phase9c_r1d_run_report.json,D:\Research\vv_pose_project\outputs\phase9c_r1d_locked_full_confirmation\split_a\seed42\detector_aware_observed\train_yolo11l_pose\last.pt,59dd4eb558488984ed5fcab2c025093f9974b756ea341caffbaf0f72c5f113f7,True
D:\Research\vv_pose_project\outputs\phase9c_r1d_locked_full_confirmation\split_a\seed42\detector_aware_observed\train_yolo11l_pose\phase9c_r1d_run_report.json,D:\Research\vv_pose_project\outputs\phase9c_r1d_locked_full_confirmation\split_a\seed42\detector_aware_observed\train_yolo11l_pose\training_history.csv,edc844a48472b6d9953e71416ad6aa33046391db63fbf781e032101aba41c6a7,True
D:\Research\vv_pose_project\outputs\phase9c_r1d_locked_full_confirmation\split_a\seed42\detector_conditioned_virtual_view_no_confidence\train_rtmpose_performance\phase9c_r1d_run_report.json,D:\Research\vv_pose_project\outputs\phase9c_r1d_locked_full_confirmation\split_a\seed42\detector_conditioned_virtual_view_no_confidence\train_rtmpose_performance\per_sample_rtmpose_performance_val.npz,30a1c08a5e64ab57a2e75f0344ccc025089443921b254867339aac26137198d7,True
D:\Research\vv_pose_project\outputs\phase9c_r1d_locked_full_confirmation\split_a\seed42\detector_conditioned_virtual_view_no_confidence\train_rtmpose_performance\phase9c_r1d_run_report.json,D:\Research\vv_pose_project\outputs\phase9c_r1d_locked_full_confirmation\split_a\seed42\detector_conditioned_virtual_view_no_confidence\train_rtmpose_performance\per_sample_rtmpose_performance_test.npz,728459bf79e7e60adf1b71b6978f46feb6ab484712b1d0966dd3cf42dce71cc6,True
D:\Research\vv_pose_project\outputs\phase9c_r1d_locked_full_confirmation\split_a\seed42\detector_conditioned_virtual_view_no_confidence\train_rtmpose_performance\phase9c_r1d_run_report.json,D:\Research\vv_pose_project\outputs\phase9c_r1d_locked_full_confirmation\split_a\seed42\detector_conditioned_virtual_view_no_confidence\train_rtmpose_performance\per_sample_yolo11l_pose_val.npz,db7fa7282a39a1d900db4d8008c9dda9c5c1f05703a2f8a245abb1e6e6aa8af1,True
D:\Research\vv_pose_project\outputs\phase9c_r1d_locked_full_confirmation\split_a\seed42\detector_conditioned_virtual_view_no_confidence\train_rtmpose_performance\phase9c_r1d_run_report.json,D:\Research\vv_pose_project\outputs\phase9c_r1d_locked_full_confirmation\split_a\seed42\detector_conditioned_virtual_view_no_confidence\train_rtmpose_performance\per_sample_yolo11l_pose_test.npz,f407aaf9856f42c62adb6efb17b244e646fd0f9ca6cfb1b764e54779520f3f51,True
D:\Research\vv_pose_project\outputs\phase9c_r1d_locked_full_confirmation\split_a\seed42\detector_conditioned_virtual_view_no_confidence\train_rtmpose_performance\phase9c_r1d_run_report.json,D:\Research\vv_pose_project\outputs\phase9c_r1d_locked_full_confirmation\split_a\seed42\detector_conditioned_virtual_view_no_confidence\train_rtmpose_performance\best.pt,62375b1f9d86a313a9989bb618dd25f7eaaed9de55417c8a336925c3dfa7d128,True
D:\Research\vv_pose_project\outputs\phase9c_r1d_locked_full_confirmation\split_a\seed42\detector_conditioned_virtual_view_no_confidence\train_rtmpose_performance\phase9c_r1d_run_report.json,D:\Research\vv_pose_project\outputs\phase9c_r1d_locked_full_confirmation\split_a\seed42\detector_conditioned_virtual_view_no_confidence\train_rtmpose_performance\last.pt,59770cc24849fecc15535b59d932e28a9909234518b67b476aadc01775281969,True
D:\Research\vv_pose_project\outputs\phase9c_r1d_locked_full_confirmation\split_a\seed42\detector_conditioned_virtual_view_no_confidence\train_rtmpose_performance\phase9c_r1d_run_report.json,D:\Research\vv_pose_project\outputs\phase9c_r1d_locked_full_confirmation\split_a\seed42\detector_conditioned_virtual_view_no_confidence\train_rtmpose_performance\training_history.csv,c8877e053b162148553a908c8cb9ffdd51fcc80ed307b011bfd6cf21c103a32e,True
D:\Research\vv_pose_project\outputs\phase9c_r1d_locked_full_confirmation\split_a\seed42\detector_conditioned_virtual_view_no_confidence\train_yolo11l_pose\phase9c_r1d_run_report.json,D:\Research\vv_pose_project\outputs\phase9c_r1d_locked_full_confirmation\split_a\seed42\detector_conditioned_virtual_view_no_confidence\train_yolo11l_pose\per_sample_rtmpose_performance_val.npz,b362b04a058ec161981ab14bae36a839552eef46d4e5c53a72ddda9f0eebcc2a,True
D:\Research\vv_pose_project\outputs\phase9c_r1d_locked_full_confirmation\split_a\seed42\detector_conditioned_virtual_view_no_confidence\train_yolo11l_pose\phase9c_r1d_run_report.json,D:\Research\vv_pose_project\outputs\phase9c_r1d_locked_full_confirmation\split_a\seed42\detector_conditioned_virtual_view_no_confidence\train_yolo11l_pose\per_sample_rtmpose_performance_test.npz,4873ba88726da01b8e0f31a0c66945978043c17d05ce26ff3b89d5f62c13537d,True
D:\Research\vv_pose_project\outputs\phase9c_r1d_locked_full_confirmation\split_a\seed42\detector_conditioned_virtual_view_no_confidence\train_yolo11l_pose\phase9c_r1d_run_report.json,D:\Research\vv_pose_project\outputs\phase9c_r1d_locked_full_confirmation\split_a\seed42\detector_conditioned_virtual_view_no_confidence\train_yolo11l_pose\per_sample_yolo11l_pose_val.npz,fcb7c9e100d47c985fe56aada4bc62830d452b4e955c45deeaa6509e331c57f6,True
D:\Research\vv_pose_project\outputs\phase9c_r1d_locked_full_confirmation\split_a\seed42\detector_conditioned_virtual_view_no_confidence\train_yolo11l_pose\phase9c_r1d_run_report.json,D:\Research\vv_pose_project\outputs\phase9c_r1d_locked_full_confirmation\split_a\seed42\detector_conditioned_virtual_view_no_confidence\train_yolo11l_pose\per_sample_yolo11l_pose_test.npz,603e5fedbf2630d5ce3c1304937b96f2ba5e0c9fbaf02cf9978709df2903dc4f,True
D:\Research\vv_pose_project\outputs\phase9c_r1d_locked_full_confirmation\split_a\seed42\detector_conditioned_virtual_view_no_confidence\train_yolo11l_pose\phase9c_r1d_run_report.json,D:\Research\vv_pose_project\outputs\phase9c_r1d_locked_full_confirmation\split_a\seed42\detector_conditioned_virtual_view_no_confidence\train_yolo11l_pose\best.pt,350d29594818cc1ed9f35122a7690b9cd76912973054b1f153a08c72a87349c9,True
D:\Research\vv_pose_project\outputs\phase9c_r1d_locked_full_confirmation\split_a\seed42\detector_conditioned_virtual_view_no_confidence\train_yolo11l_pose\phase9c_r1d_run_report.json,D:\Research\vv_pose_project\outputs\phase9c_r1d_locked_full_confirmation\split_a\seed42\detector_conditioned_virtual_view_no_confidence\train_yolo11l_pose\last.pt,95957eea780a5dd49eda601db0eb6c7ce64bd726fe1b08ec275137a1c4150fdd,True
D:\Research\vv_pose_project\outputs\phase9c_r1d_locked_full_confirmation\split_a\seed42\detector_conditioned_virtual_view_no_confidence\train_yolo11l_pose\phase9c_r1d_run_report.json,D:\Research\vv_pose_project\outputs\phase9c_r1d_locked_full_confirmation\split_a\seed42\detector_conditioned_virtual_view_no_confidence\train_yolo11l_pose\training_history.csv,cf3bf38945f86c554132a8878c732d0f60394fc35d9d9807d9e9b161f5eb26a3,True
D:\Research\vv_pose_project\outputs\phase9c_r1d_locked_full_confirmation\split_b\seed123\bounded_reliability_dual_modulation\train_rtmpose_performance\phase9c_r1d_run_report.json,D:\Research\vv_pose_project\outputs\phase9c_r1d_locked_full_confirmation\split_b\seed123\bounded_reliability_dual_modulation\train_rtmpose_performance\per_sample_rtmpose_performance_val.npz,ca04c49efbec759b738a83e46ea40dd21bd6a6523cbd522c5904dca7033a6853,True
D:\Research\vv_pose_project\outputs\phase9c_r1d_locked_full_confirmation\split_b\seed123\bounded_reliability_dual_modulation\train_rtmpose_performance\phase9c_r1d_run_report.json,D:\Research\vv_pose_project\outputs\phase9c_r1d_locked_full_confirmation\split_b\seed123\bounded_reliability_dual_modulation\train_rtmpose_performance\per_sample_rtmpose_performance_test.npz,b97f273e8b3fe9be38b7f5c924a92b9f9508b526a5d0e9632b40e9e0e8e3223c,True
D:\Research\vv_pose_project\outputs\phase9c_r1d_locked_full_confirmation\split_b\seed123\bounded_reliability_dual_modulation\train_rtmpose_performance\phase9c_r1d_run_report.json,D:\Research\vv_pose_project\outputs\phase9c_r1d_locked_full_confirmation\split_b\seed123\bounded_reliability_dual_modulation\train_rtmpose_performance\per_sample_yolo11l_pose_val.npz,47646ed8a2ab527bffcc25f77d0bef7eee84012de987c046e567f196396fc7b9,True
D:\Research\vv_pose_project\outputs\phase9c_r1d_locked_full_confirmation\split_b\seed123\bounded_reliability_dual_modulation\train_rtmpose_performance\phase9c_r1d_run_report.json,D:\Research\vv_pose_project\outputs\phase9c_r1d_locked_full_confirmation\split_b\seed123\bounded_reliability_dual_modulation\train_rtmpose_performance\per_sample_yolo11l_pose_test.npz,f5e1f0eb0f9abe581f89288970dcf81cb7d43317ae52bf7b9f91ee226236dc10,True
D:\Research\vv_pose_project\outputs\phase9c_r1d_locked_full_confirmation\split_b\seed123\bounded_reliability_dual_modulation\train_rtmpose_performance\phase9c_r1d_run_report.json,D:\Research\vv_pose_project\outputs\phase9c_r1d_locked_full_confirmation\split_b\seed123\bounded_reliability_dual_modulation\train_rtmpose_performance\best.pt,96f610ac5ad7069126a09f2ccc3e8a75685bad648bd37fbff0bb064c79afeb03,True
D:\Research\vv_pose_project\outputs\phase9c_r1d_locked_full_confirmation\split_b\seed123\bounded_reliability_dual_modulation\train_rtmpose_performance\phase9c_r1d_run_report.json,D:\Research\vv_pose_project\outputs\phase9c_r1d_locked_full_confirmation\split_b\seed123\bounded_reliability_dual_modulation\train_rtmpose_performance\last.pt,ab24abc203965dfef4e300556cdbc8fe91fcdf9ba515e1b4854be7499b0fa220,True
D:\Research\vv_pose_project\outputs\phase9c_r1d_locked_full_confirmation\split_b\seed123\bounded_reliability_dual_modulation\train_rtmpose_performance\phase9c_r1d_run_report.json,D:\Research\vv_pose_project\outputs\phase9c_r1d_locked_full_confirmation\split_b\seed123\bounded_reliability_dual_modulation\train_rtmpose_performance\training_history.csv,70e1ba31a34003c57d6a20259c70f42d1914c9f43786449ca4667e059729dc56,True
D:\Research\vv_pose_project\outputs\phase9c_r1d_locked_full_confirmation\split_b\seed123\bounded_reliability_dual_modulation\train_yolo11l_pose\phase9c_r1d_run_report.json,D:\Research\vv_pose_project\outputs\phase9c_r1d_locked_full_confirmation\split_b\seed123\bounded_reliability_dual_modulation\train_yolo11l_pose\per_sample_rtmpose_performance_val.npz,5c09295861aefede6458ca2bbf247e975dc059d4faaee6fe37587e532c10495c,True
D:\Research\vv_pose_project\outputs\phase9c_r1d_locked_full_confirmation\split_b\seed123\bounded_reliability_dual_modulation\train_yolo11l_pose\phase9c_r1d_run_report.json,D:\Research\vv_pose_project\outputs\phase9c_r1d_locked_full_confirmation\split_b\seed123\bounded_reliability_dual_modulation\train_yolo11l_pose\per_sample_rtmpose_performance_test.npz,adf4e98ad582f49b8db922b97b3e30f11f7c0c5be05700a77e87e285ee3b62b5,True
D:\Research\vv_pose_project\outputs\phase9c_r1d_locked_full_confirmation\split_b\seed123\bounded_reliability_dual_modulation\train_yolo11l_pose\phase9c_r1d_run_report.json,D:\Research\vv_pose_project\outputs\phase9c_r1d_locked_full_confirmation\split_b\seed123\bounded_reliability_dual_modulation\train_yolo11l_pose\per_sample_yolo11l_pose_val.npz,4eabb30be130f6fdc0d31b0173ea67cecc0ae7b9455299e3c443603aff29f385,True
D:\Research\vv_pose_project\outputs\phase9c_r1d_locked_full_confirmation\split_b\seed123\bounded_reliability_dual_modulation\train_yolo11l_pose\phase9c_r1d_run_report.json,D:\Research\vv_pose_project\outputs\phase9c_r1d_locked_full_confirmation\split_b\seed123\bounded_reliability_dual_modulation\train_yolo11l_pose\per_sample_yolo11l_pose_test.npz,a7047955b3d12af35e382934a5a54a50652b9cd2a192ddac3d377d14a5d6c556,True
D:\Research\vv_pose_project\outputs\phase9c_r1d_locked_full_confirmation\split_b\seed123\bounded_reliability_dual_modulation\train_yolo11l_pose\phase9c_r1d_run_report.json,D:\Research\vv_pose_project\outputs\phase9c_r1d_locked_full_confirmation\split_b\seed123\bounded_reliability_dual_modulation\train_yolo11l_pose\best.pt,47f26f8601f237db37250f309361a0bf10cd4934780697c2f1c400b1e04b099d,True
D:\Research\vv_pose_project\outputs\phase9c_r1d_locked_full_confirmation\split_b\seed123\bounded_reliability_dual_modulation\train_yolo11l_pose\phase9c_r1d_run_report.json,D:\Research\vv_pose_project\outputs\phase9c_r1d_locked_full_confirmation\split_b\seed123\bounded_reliability_dual_modulation\train_yolo11l_pose\last.pt,dafc000c02e9e617c41ee1f0e414e7a104a7d287f89b44686f5811a7b8067662,True
D:\Research\vv_pose_project\outputs\phase9c_r1d_locked_full_confirmation\split_b\seed123\bounded_reliability_dual_modulation\train_yolo11l_pose\phase9c_r1d_run_report.json,D:\Research\vv_pose_project\outputs\phase9c_r1d_locked_full_confirmation\split_b\seed123\bounded_reliability_dual_modulation\train_yolo11l_pose\training_history.csv,b1d5d151d3c6c96d53c5019a19fd323d94b9e06148cb67d7ece57cddc90e87c0,True
D:\Research\vv_pose_project\outputs\phase9c_r1d_locked_full_confirmation\split_b\seed123\detector_aware_observed\train_rtmpose_performance\phase9c_r1d_run_report.json,D:\Research\vv_pose_project\outputs\phase9c_r1d_locked_full_confirmation\split_b\seed123\detector_aware_observed\train_rtmpose_performance\per_sample_rtmpose_performance_val.npz,d6902ba98026c8ae2c5ee2fc8a0c931dfb7bfe3eb133ec4e57f26ef0c6fa887d,True
D:\Research\vv_pose_project\outputs\phase9c_r1d_locked_full_confirmation\split_b\seed123\detector_aware_observed\train_rtmpose_performance\phase9c_r1d_run_report.json,D:\Research\vv_pose_project\outputs\phase9c_r1d_locked_full_confirmation\split_b\seed123\detector_aware_observed\train_rtmpose_performance\per_sample_rtmpose_performance_test.npz,5b68a9bb222fd00d0c1ae202641232a4902841ff03d23a90a0d7fb04ce90c918,True
D:\Research\vv_pose_project\outputs\phase9c_r1d_locked_full_confirmation\split_b\seed123\detector_aware_observed\train_rtmpose_performance\phase9c_r1d_run_report.json,D:\Research\vv_pose_project\outputs\phase9c_r1d_locked_full_confirmation\split_b\seed123\detector_aware_observed\train_rtmpose_performance\per_sample_yolo11l_pose_val.npz,0842d438f468f7a60c4da83755c0a4bc71ad2c02529172e3b4232bb047400122,True
D:\Research\vv_pose_project\outputs\phase9c_r1d_locked_full_confirmation\split_b\seed123\detector_aware_observed\train_rtmpose_performance\phase9c_r1d_run_report.json,D:\Research\vv_pose_project\outputs\phase9c_r1d_locked_full_confirmation\split_b\seed123\detector_aware_observed\train_rtmpose_performance\per_sample_yolo11l_pose_test.npz,91c580e3f7e004dbe9f8103e5778d8c5dded5885c07d24b14a860eb4a8d0a650,True
D:\Research\vv_pose_project\outputs\phase9c_r1d_locked_full_confirmation\split_b\seed123\detector_aware_observed\train_rtmpose_performance\phase9c_r1d_run_report.json,D:\Research\vv_pose_project\outputs\phase9c_r1d_locked_full_confirmation\split_b\seed123\detector_aware_observed\train_rtmpose_performance\best.pt,0f849feb92ebee2af49a5cc2c24daf815f4b8f6063ecec079b34b2a48d9ac0a5,True
D:\Research\vv_pose_project\outputs\phase9c_r1d_locked_full_confirmation\split_b\seed123\detector_aware_observed\train_rtmpose_performance\phase9c_r1d_run_report.json,D:\Research\vv_pose_project\outputs\phase9c_r1d_locked_full_confirmation\split_b\seed123\detector_aware_observed\train_rtmpose_performance\last.pt,1f727c0a4f5af252103395d2ea4d21eb849d9ad3c2048e9e1678a410dda000f4,True
D:\Research\vv_pose_project\outputs\phase9c_r1d_locked_full_confirmation\split_b\seed123\detector_aware_observed\train_rtmpose_performance\phase9c_r1d_run_report.json,D:\Research\vv_pose_project\outputs\phase9c_r1d_locked_full_confirmation\split_b\seed123\detector_aware_observed\train_rtmpose_performance\training_history.csv,75b152cd84fc00b1af179d2fa06bea850e5697e659e653f4160e24d55fdc032f,True
D:\Research\vv_pose_project\outputs\phase9c_r1d_locked_full_confirmation\split_b\seed123\detector_aware_observed\train_yolo11l_pose\phase9c_r1d_run_report.json,D:\Research\vv_pose_project\outputs\phase9c_r1d_locked_full_confirmation\split_b\seed123\detector_aware_observed\train_yolo11l_pose\per_sample_rtmpose_performance_val.npz,941eb513fd75602c3c7325c4ebbd1f92eab642036773a95150a39e8a7aeb8ec9,True
D:\Research\vv_pose_project\outputs\phase9c_r1d_locked_full_confirmation\split_b\seed123\detector_aware_observed\train_yolo11l_pose\phase9c_r1d_run_report.json,D:\Research\vv_pose_project\outputs\phase9c_r1d_locked_full_confirmation\split_b\seed123\detector_aware_observed\train_yolo11l_pose\per_sample_rtmpose_performance_test.npz,157612748a9851a8c6a7b431da11ea6ad291df4a3af4465f149235faf381b6bd,True
D:\Research\vv_pose_project\outputs\phase9c_r1d_locked_full_confirmation\split_b\seed123\detector_aware_observed\train_yolo11l_pose\phase9c_r1d_run_report.json,D:\Research\vv_pose_project\outputs\phase9c_r1d_locked_full_confirmation\split_b\seed123\detector_aware_observed\train_yolo11l_pose\per_sample_yolo11l_pose_val.npz,375aaf08f239f02834ac6aff4d54641e26efc7cd445ce2f0974f63af76fe88ab,True
D:\Research\vv_pose_project\outputs\phase9c_r1d_locked_full_confirmation\split_b\seed123\detector_aware_observed\train_yolo11l_pose\phase9c_r1d_run_report.json,D:\Research\vv_pose_project\outputs\phase9c_r1d_locked_full_confirmation\split_b\seed123\detector_aware_observed\train_yolo11l_pose\per_sample_yolo11l_pose_test.npz,cc3eaf8d7662a556f4a59215d710d5819433cb0992c6faa6b4c998445f0cc619,True
D:\Research\vv_pose_project\outputs\phase9c_r1d_locked_full_confirmation\split_b\seed123\detector_aware_observed\train_yolo11l_pose\phase9c_r1d_run_report.json,D:\Research\vv_pose_project\outputs\phase9c_r1d_locked_full_confirmation\split_b\seed123\detector_aware_observed\train_yolo11l_pose\best.pt,a7c8e0b42c2aa3946e3e28c077a86a3ff9ef588f80bc812fc313437076b77da4,True
D:\Research\vv_pose_project\outputs\phase9c_r1d_locked_full_confirmation\split_b\seed123\detector_aware_observed\train_yolo11l_pose\phase9c_r1d_run_report.json,D:\Research\vv_pose_project\outputs\phase9c_r1d_locked_full_confirmation\split_b\seed123\detector_aware_observed\train_yolo11l_pose\last.pt,0c9858de0ec7970583fd45bfd623bbd3124fe2a54af37e800014cf713c3401e4,True
D:\Research\vv_pose_project\outputs\phase9c_r1d_locked_full_confirmation\split_b\seed123\detector_aware_observed\train_yolo11l_pose\phase9c_r1d_run_report.json,D:\Research\vv_pose_project\outputs\phase9c_r1d_locked_full_confirmation\split_b\seed123\detector_aware_observed\train_yolo11l_pose\training_history.csv,7a39cd33ac94e9e123a58e09fa54f01472e411142cbe1867181d7e50654f13f6,True
D:\Research\vv_pose_project\outputs\phase9c_r1d_locked_full_confirmation\split_b\seed123\detector_conditioned_virtual_view_no_confidence\train_rtmpose_performance\phase9c_r1d_run_report.json,D:\Research\vv_pose_project\outputs\phase9c_r1d_locked_full_confirmation\split_b\seed123\detector_conditioned_virtual_view_no_confidence\train_rtmpose_performance\per_sample_rtmpose_performance_val.npz,cfc0d371c4ed86a253454565211e489421e6d798a3b14278a4aa8def3ef722e1,True
D:\Research\vv_pose_project\outputs\phase9c_r1d_locked_full_confirmation\split_b\seed123\detector_conditioned_virtual_view_no_confidence\train_rtmpose_performance\phase9c_r1d_run_report.json,D:\Research\vv_pose_project\outputs\phase9c_r1d_locked_full_confirmation\split_b\seed123\detector_conditioned_virtual_view_no_confidence\train_rtmpose_performance\per_sample_rtmpose_performance_test.npz,9d24c1d7f67d3d8ea3ba5d1829bb9367590363bae9df2ab31b3165515aa6b98f,True
D:\Research\vv_pose_project\outputs\phase9c_r1d_locked_full_confirmation\split_b\seed123\detector_conditioned_virtual_view_no_confidence\train_rtmpose_performance\phase9c_r1d_run_report.json,D:\Research\vv_pose_project\outputs\phase9c_r1d_locked_full_confirmation\split_b\seed123\detector_conditioned_virtual_view_no_confidence\train_rtmpose_performance\per_sample_yolo11l_pose_val.npz,c6c5dde726e5265a074b094e5cc78d4b0f2cbb5412a26a93c61fe270e5afadf2,True
D:\Research\vv_pose_project\outputs\phase9c_r1d_locked_full_confirmation\split_b\seed123\detector_conditioned_virtual_view_no_confidence\train_rtmpose_performance\phase9c_r1d_run_report.json,D:\Research\vv_pose_project\outputs\phase9c_r1d_locked_full_confirmation\split_b\seed123\detector_conditioned_virtual_view_no_confidence\train_rtmpose_performance\per_sample_yolo11l_pose_test.npz,0ddeb3ef886230494ff29edabf9fe3f0bfa94ce9113744bec65a7178f6db05ea,True
D:\Research\vv_pose_project\outputs\phase9c_r1d_locked_full_confirmation\split_b\seed123\detector_conditioned_virtual_view_no_confidence\train_rtmpose_performance\phase9c_r1d_run_report.json,D:\Research\vv_pose_project\outputs\phase9c_r1d_locked_full_confirmation\split_b\seed123\detector_conditioned_virtual_view_no_confidence\train_rtmpose_performance\best.pt,79e5c546aabda04f297523ac8db14726626bc1b71542ffad0e9ebcd49492d342,True
D:\Research\vv_pose_project\outputs\phase9c_r1d_locked_full_confirmation\split_b\seed123\detector_conditioned_virtual_view_no_confidence\train_rtmpose_performance\phase9c_r1d_run_report.json,D:\Research\vv_pose_project\outputs\phase9c_r1d_locked_full_confirmation\split_b\seed123\detector_conditioned_virtual_view_no_confidence\train_rtmpose_performance\last.pt,1c5cc4e9e7d82514545a6f77db4789914aabff19353bd822c36d9808bc3fe8ae,True
D:\Research\vv_pose_project\outputs\phase9c_r1d_locked_full_confirmation\split_b\seed123\detector_conditioned_virtual_view_no_confidence\train_rtmpose_performance\phase9c_r1d_run_report.json,D:\Research\vv_pose_project\outputs\phase9c_r1d_locked_full_confirmation\split_b\seed123\detector_conditioned_virtual_view_no_confidence\train_rtmpose_performance\training_history.csv,4b9298ba99e21f8db4314e608ece5dba394c3fdfa690dc10dc0d3cbd9a16405c,True
D:\Research\vv_pose_project\outputs\phase9c_r1d_locked_full_confirmation\split_b\seed123\detector_conditioned_virtual_view_no_confidence\train_yolo11l_pose\phase9c_r1d_run_report.json,D:\Research\vv_pose_project\outputs\phase9c_r1d_locked_full_confirmation\split_b\seed123\detector_conditioned_virtual_view_no_confidence\train_yolo11l_pose\per_sample_rtmpose_performance_val.npz,94e92c6c8260ad36fd27e99e3d6a21d9b87ad3fd687a062cc2e64666daf80e90,True
D:\Research\vv_pose_project\outputs\phase9c_r1d_locked_full_confirmation\split_b\seed123\detector_conditioned_virtual_view_no_confidence\train_yolo11l_pose\phase9c_r1d_run_report.json,D:\Research\vv_pose_project\outputs\phase9c_r1d_locked_full_confirmation\split_b\seed123\detector_conditioned_virtual_view_no_confidence\train_yolo11l_pose\per_sample_rtmpose_performance_test.npz,1cb98cbf50326eb8d868947be6d096db5d0d912a8760d7157df2bf5465f85d42,True
D:\Research\vv_pose_project\outputs\phase9c_r1d_locked_full_confirmation\split_b\seed123\detector_conditioned_virtual_view_no_confidence\train_yolo11l_pose\phase9c_r1d_run_report.json,D:\Research\vv_pose_project\outputs\phase9c_r1d_locked_full_confirmation\split_b\seed123\detector_conditioned_virtual_view_no_confidence\train_yolo11l_pose\per_sample_yolo11l_pose_val.npz,eda0de85ca971f4bb327f22a8b14081b482e7414ac9556868ad47c48f601a021,True
D:\Research\vv_pose_project\outputs\phase9c_r1d_locked_full_confirmation\split_b\seed123\detector_conditioned_virtual_view_no_confidence\train_yolo11l_pose\phase9c_r1d_run_report.json,D:\Research\vv_pose_project\outputs\phase9c_r1d_locked_full_confirmation\split_b\seed123\detector_conditioned_virtual_view_no_confidence\train_yolo11l_pose\per_sample_yolo11l_pose_test.npz,a3f5fd0147c7c852beb08ca0c1aea22be8f73ae9afd49f08d5dd02e4767e751b,True
D:\Research\vv_pose_project\outputs\phase9c_r1d_locked_full_confirmation\split_b\seed123\detector_conditioned_virtual_view_no_confidence\train_yolo11l_pose\phase9c_r1d_run_report.json,D:\Research\vv_pose_project\outputs\phase9c_r1d_locked_full_confirmation\split_b\seed123\detector_conditioned_virtual_view_no_confidence\train_yolo11l_pose\best.pt,ac49989fc731c34e316627f3ec0cb4dd4c43cf8dec70ef6bd67a89edd756ba9a,True
D:\Research\vv_pose_project\outputs\phase9c_r1d_locked_full_confirmation\split_b\seed123\detector_conditioned_virtual_view_no_confidence\train_yolo11l_pose\phase9c_r1d_run_report.json,D:\Research\vv_pose_project\outputs\phase9c_r1d_locked_full_confirmation\split_b\seed123\detector_conditioned_virtual_view_no_confidence\train_yolo11l_pose\last.pt,c8bcea4fdd525305c4439272833a0cbc4ff23a0842d6e147a37e7b26be189fc4,True
D:\Research\vv_pose_project\outputs\phase9c_r1d_locked_full_confirmation\split_b\seed123\detector_conditioned_virtual_view_no_confidence\train_yolo11l_pose\phase9c_r1d_run_report.json,D:\Research\vv_pose_project\outputs\phase9c_r1d_locked_full_confirmation\split_b\seed123\detector_conditioned_virtual_view_no_confidence\train_yolo11l_pose\training_history.csv,be6d78bc3cbc25835770cfb693eee03da36c7d8186fdd228eae8d5c697e4b832,True
D:\Research\vv_pose_project\outputs\phase9c_r1d_locked_full_confirmation\split_b\seed2026\bounded_reliability_dual_modulation\train_rtmpose_performance\phase9c_r1d_run_report.json,D:\Research\vv_pose_project\outputs\phase9c_r1d_locked_full_confirmation\split_b\seed2026\bounded_reliability_dual_modulation\train_rtmpose_performance\per_sample_rtmpose_performance_val.npz,6bf82582fe9b78a6994334d1fb531d478e11e1351f8cf61ca5a76b983721c5fd,True
D:\Research\vv_pose_project\outputs\phase9c_r1d_locked_full_confirmation\split_b\seed2026\bounded_reliability_dual_modulation\train_rtmpose_performance\phase9c_r1d_run_report.json,D:\Research\vv_pose_project\outputs\phase9c_r1d_locked_full_confirmation\split_b\seed2026\bounded_reliability_dual_modulation\train_rtmpose_performance\per_sample_rtmpose_performance_test.npz,cf35114220c506d30d7a3515a0e06dfb3202d0ecc069966580ec01465b4c5c29,True
D:\Research\vv_pose_project\outputs\phase9c_r1d_locked_full_confirmation\split_b\seed2026\bounded_reliability_dual_modulation\train_rtmpose_performance\phase9c_r1d_run_report.json,D:\Research\vv_pose_project\outputs\phase9c_r1d_locked_full_confirmation\split_b\seed2026\bounded_reliability_dual_modulation\train_rtmpose_performance\per_sample_yolo11l_pose_val.npz,1bcb7bd642447a693af2fb3d5b2415df8b6c60f1baa020c9104797ba0520832b,True
D:\Research\vv_pose_project\outputs\phase9c_r1d_locked_full_confirmation\split_b\seed2026\bounded_reliability_dual_modulation\train_rtmpose_performance\phase9c_r1d_run_report.json,D:\Research\vv_pose_project\outputs\phase9c_r1d_locked_full_confirmation\split_b\seed2026\bounded_reliability_dual_modulation\train_rtmpose_performance\per_sample_yolo11l_pose_test.npz,b9bec50c8c80606fa3bf9fcf58c148e40bff26555cf5be990516c6b1d3d4d810,True
D:\Research\vv_pose_project\outputs\phase9c_r1d_locked_full_confirmation\split_b\seed2026\bounded_reliability_dual_modulation\train_rtmpose_performance\phase9c_r1d_run_report.json,D:\Research\vv_pose_project\outputs\phase9c_r1d_locked_full_confirmation\split_b\seed2026\bounded_reliability_dual_modulation\train_rtmpose_performance\best.pt,2cdb0506c507189d67cc40957d9ef2da623785220bfd8b8a8d4b6765eefbf8d7,True
D:\Research\vv_pose_project\outputs\phase9c_r1d_locked_full_confirmation\split_b\seed2026\bounded_reliability_dual_modulation\train_rtmpose_performance\phase9c_r1d_run_report.json,D:\Research\vv_pose_project\outputs\phase9c_r1d_locked_full_confirmation\split_b\seed2026\bounded_reliability_dual_modulation\train_rtmpose_performance\last.pt,3fa3166bc6c532c81eb48880fa953989c28f4c971bd2344b8502aba0347cd7c7,True
D:\Research\vv_pose_project\outputs\phase9c_r1d_locked_full_confirmation\split_b\seed2026\bounded_reliability_dual_modulation\train_rtmpose_performance\phase9c_r1d_run_report.json,D:\Research\vv_pose_project\outputs\phase9c_r1d_locked_full_confirmation\split_b\seed2026\bounded_reliability_dual_modulation\train_rtmpose_performance\training_history.csv,8a434f50184f74da6bad3a869560d25e9e832557254b6e79e4ab4a125cae21e1,True
D:\Research\vv_pose_project\outputs\phase9c_r1d_locked_full_confirmation\split_b\seed2026\bounded_reliability_dual_modulation\train_yolo11l_pose\phase9c_r1d_run_report.json,D:\Research\vv_pose_project\outputs\phase9c_r1d_locked_full_confirmation\split_b\seed2026\bounded_reliability_dual_modulation\train_yolo11l_pose\per_sample_rtmpose_performance_val.npz,f0fb42752e365e59ed2d6186cea21fbfae6e35d9a96ecbbcb289492904217959,True
D:\Research\vv_pose_project\outputs\phase9c_r1d_locked_full_confirmation\split_b\seed2026\bounded_reliability_dual_modulation\train_yolo11l_pose\phase9c_r1d_run_report.json,D:\Research\vv_pose_project\outputs\phase9c_r1d_locked_full_confirmation\split_b\seed2026\bounded_reliability_dual_modulation\train_yolo11l_pose\per_sample_rtmpose_performance_test.npz,ef62fe5e8592ef8335ead97895f54ca712106a8f11d08a3222125a71a3022435,True
D:\Research\vv_pose_project\outputs\phase9c_r1d_locked_full_confirmation\split_b\seed2026\bounded_reliability_dual_modulation\train_yolo11l_pose\phase9c_r1d_run_report.json,D:\Research\vv_pose_project\outputs\phase9c_r1d_locked_full_confirmation\split_b\seed2026\bounded_reliability_dual_modulation\train_yolo11l_pose\per_sample_yolo11l_pose_val.npz,d0778fc014f65b91cf84ce122a67a61cc9450774fe8ca981e0a0fae9c07de179,True
D:\Research\vv_pose_project\outputs\phase9c_r1d_locked_full_confirmation\split_b\seed2026\bounded_reliability_dual_modulation\train_yolo11l_pose\phase9c_r1d_run_report.json,D:\Research\vv_pose_project\outputs\phase9c_r1d_locked_full_confirmation\split_b\seed2026\bounded_reliability_dual_modulation\train_yolo11l_pose\per_sample_yolo11l_pose_test.npz,91c51514e2d1e7b435f361ea853217e033eb0bedf1bcd7135acf316ff6f22082,True
D:\Research\vv_pose_project\outputs\phase9c_r1d_locked_full_confirmation\split_b\seed2026\bounded_reliability_dual_modulation\train_yolo11l_pose\phase9c_r1d_run_report.json,D:\Research\vv_pose_project\outputs\phase9c_r1d_locked_full_confirmation\split_b\seed2026\bounded_reliability_dual_modulation\train_yolo11l_pose\best.pt,a5e484290af1b4cf228963e259e6ab675d398b04f3f91eabed7bc950be8e3673,True
D:\Research\vv_pose_project\outputs\phase9c_r1d_locked_full_confirmation\split_b\seed2026\bounded_reliability_dual_modulation\train_yolo11l_pose\phase9c_r1d_run_report.json,D:\Research\vv_pose_project\outputs\phase9c_r1d_locked_full_confirmation\split_b\seed2026\bounded_reliability_dual_modulation\train_yolo11l_pose\last.pt,d795684014d818e3aac7794ca236f06da0b9b91024c79b8486bca903fdd7dc95,True
D:\Research\vv_pose_project\outputs\phase9c_r1d_locked_full_confirmation\split_b\seed2026\bounded_reliability_dual_modulation\train_yolo11l_pose\phase9c_r1d_run_report.json,D:\Research\vv_pose_project\outputs\phase9c_r1d_locked_full_confirmation\split_b\seed2026\bounded_reliability_dual_modulation\train_yolo11l_pose\training_history.csv,e6f123e1d08c94d58a87bf36a1ad1c8953862d401535a342e0ec045903299dd1,True
D:\Research\vv_pose_project\outputs\phase9c_r1d_locked_full_confirmation\split_b\seed2026\detector_aware_observed\train_rtmpose_performance\phase9c_r1d_run_report.json,D:\Research\vv_pose_project\outputs\phase9c_r1d_locked_full_confirmation\split_b\seed2026\detector_aware_observed\train_rtmpose_performance\per_sample_rtmpose_performance_val.npz,69b7bb6f515163392eae824381e54caad47c935294c02d631879a767f0cf47b5,True
D:\Research\vv_pose_project\outputs\phase9c_r1d_locked_full_confirmation\split_b\seed2026\detector_aware_observed\train_rtmpose_performance\phase9c_r1d_run_report.json,D:\Research\vv_pose_project\outputs\phase9c_r1d_locked_full_confirmation\split_b\seed2026\detector_aware_observed\train_rtmpose_performance\per_sample_rtmpose_performance_test.npz,774d5a57dc345f3f6b36480da41eb791a25c210650b7bb6490cb18e01b87d5c1,True
D:\Research\vv_pose_project\outputs\phase9c_r1d_locked_full_confirmation\split_b\seed2026\detector_aware_observed\train_rtmpose_performance\phase9c_r1d_run_report.json,D:\Research\vv_pose_project\outputs\phase9c_r1d_locked_full_confirmation\split_b\seed2026\detector_aware_observed\train_rtmpose_performance\per_sample_yolo11l_pose_val.npz,e65e4363c54b287df8bfcf33f9b4d1495e6a352b754fd650aae004c7bb8d1b49,True
D:\Research\vv_pose_project\outputs\phase9c_r1d_locked_full_confirmation\split_b\seed2026\detector_aware_observed\train_rtmpose_performance\phase9c_r1d_run_report.json,D:\Research\vv_pose_project\outputs\phase9c_r1d_locked_full_confirmation\split_b\seed2026\detector_aware_observed\train_rtmpose_performance\per_sample_yolo11l_pose_test.npz,461835259974d66e97a28e80b2aebef0a03746d00c53b638fcf5559dba0f4df8,True
D:\Research\vv_pose_project\outputs\phase9c_r1d_locked_full_confirmation\split_b\seed2026\detector_aware_observed\train_rtmpose_performance\phase9c_r1d_run_report.json,D:\Research\vv_pose_project\outputs\phase9c_r1d_locked_full_confirmation\split_b\seed2026\detector_aware_observed\train_rtmpose_performance\best.pt,9a1d4769069633cf5173f7037d27ab7aa6702acbbb35a7a3884d74f126832344,True
D:\Research\vv_pose_project\outputs\phase9c_r1d_locked_full_confirmation\split_b\seed2026\detector_aware_observed\train_rtmpose_performance\phase9c_r1d_run_report.json,D:\Research\vv_pose_project\outputs\phase9c_r1d_locked_full_confirmation\split_b\seed2026\detector_aware_observed\train_rtmpose_performance\last.pt,aecf75ea61d73f3dc69559cf5c2bfa1a52f725466c8a2b37fd6be513fc9da721,True
D:\Research\vv_pose_project\outputs\phase9c_r1d_locked_full_confirmation\split_b\seed2026\detector_aware_observed\train_rtmpose_performance\phase9c_r1d_run_report.json,D:\Research\vv_pose_project\outputs\phase9c_r1d_locked_full_confirmation\split_b\seed2026\detector_aware_observed\train_rtmpose_performance\training_history.csv,debb48e296b7cf159f9f6dde38d6727532a3a3cf35ce4b0316ac6231d97912dd,True
D:\Research\vv_pose_project\outputs\phase9c_r1d_locked_full_confirmation\split_b\seed2026\detector_aware_observed\train_yolo11l_pose\phase9c_r1d_run_report.json,D:\Research\vv_pose_project\outputs\phase9c_r1d_locked_full_confirmation\split_b\seed2026\detector_aware_observed\train_yolo11l_pose\per_sample_rtmpose_performance_val.npz,9c8d608643580ae94117371753a35eb2fb46a5a1a1940227d8a7b9c4425e0e8e,True
D:\Research\vv_pose_project\outputs\phase9c_r1d_locked_full_confirmation\split_b\seed2026\detector_aware_observed\train_yolo11l_pose\phase9c_r1d_run_report.json,D:\Research\vv_pose_project\outputs\phase9c_r1d_locked_full_confirmation\split_b\seed2026\detector_aware_observed\train_yolo11l_pose\per_sample_rtmpose_performance_test.npz,3e5fc23c35bd62e4a2e147a4ffdc1c851b0f41687362435df2f6af79dcc75b0c,True
D:\Research\vv_pose_project\outputs\phase9c_r1d_locked_full_confirmation\split_b\seed2026\detector_aware_observed\train_yolo11l_pose\phase9c_r1d_run_report.json,D:\Research\vv_pose_project\outputs\phase9c_r1d_locked_full_confirmation\split_b\seed2026\detector_aware_observed\train_yolo11l_pose\per_sample_yolo11l_pose_val.npz,f87c075fdbd954a57dfbc3025baa59f564e134e15ec55615e98fea6484fdae5a,True
D:\Research\vv_pose_project\outputs\phase9c_r1d_locked_full_confirmation\split_b\seed2026\detector_aware_observed\train_yolo11l_pose\phase9c_r1d_run_report.json,D:\Research\vv_pose_project\outputs\phase9c_r1d_locked_full_confirmation\split_b\seed2026\detector_aware_observed\train_yolo11l_pose\per_sample_yolo11l_pose_test.npz,26eb45922d4678b40fcca7a1acfa6f353528188c2c893bb968e53baf05e0a578,True
D:\Research\vv_pose_project\outputs\phase9c_r1d_locked_full_confirmation\split_b\seed2026\detector_aware_observed\train_yolo11l_pose\phase9c_r1d_run_report.json,D:\Research\vv_pose_project\outputs\phase9c_r1d_locked_full_confirmation\split_b\seed2026\detector_aware_observed\train_yolo11l_pose\best.pt,43aba12abd0580f378b546796e3d3d3ccb8dcaaea9b7ccdf6f84cebe2c21320e,True
D:\Research\vv_pose_project\outputs\phase9c_r1d_locked_full_confirmation\split_b\seed2026\detector_aware_observed\train_yolo11l_pose\phase9c_r1d_run_report.json,D:\Research\vv_pose_project\outputs\phase9c_r1d_locked_full_confirmation\split_b\seed2026\detector_aware_observed\train_yolo11l_pose\last.pt,ce5580a343517f11cbfb5530f017032a105149c22cef780276ab68d79b7f7f6c,True
D:\Research\vv_pose_project\outputs\phase9c_r1d_locked_full_confirmation\split_b\seed2026\detector_aware_observed\train_yolo11l_pose\phase9c_r1d_run_report.json,D:\Research\vv_pose_project\outputs\phase9c_r1d_locked_full_confirmation\split_b\seed2026\detector_aware_observed\train_yolo11l_pose\training_history.csv,ce76338f9b91f2735de3f44851791e546d2db926933b4ad52567534ae2705b11,True
D:\Research\vv_pose_project\outputs\phase9c_r1d_locked_full_confirmation\split_b\seed2026\detector_conditioned_virtual_view_no_confidence\train_rtmpose_performance\phase9c_r1d_run_report.json,D:\Research\vv_pose_project\outputs\phase9c_r1d_locked_full_confirmation\split_b\seed2026\detector_conditioned_virtual_view_no_confidence\train_rtmpose_performance\per_sample_rtmpose_performance_val.npz,02b580fe07ac7a1c1be624f0cb8ef90b12a5d5bfee1a2734dcddad8e1715354a,True
D:\Research\vv_pose_project\outputs\phase9c_r1d_locked_full_confirmation\split_b\seed2026\detector_conditioned_virtual_view_no_confidence\train_rtmpose_performance\phase9c_r1d_run_report.json,D:\Research\vv_pose_project\outputs\phase9c_r1d_locked_full_confirmation\split_b\seed2026\detector_conditioned_virtual_view_no_confidence\train_rtmpose_performance\per_sample_rtmpose_performance_test.npz,1fd31c6a88dd83a981cf0e9b9f754b7d5cb37b32847a48cfc676db0d415a5812,True
D:\Research\vv_pose_project\outputs\phase9c_r1d_locked_full_confirmation\split_b\seed2026\detector_conditioned_virtual_view_no_confidence\train_rtmpose_performance\phase9c_r1d_run_report.json,D:\Research\vv_pose_project\outputs\phase9c_r1d_locked_full_confirmation\split_b\seed2026\detector_conditioned_virtual_view_no_confidence\train_rtmpose_performance\per_sample_yolo11l_pose_val.npz,186cd026f5bd4268b9d96a22f56f0d15bf69cd3f6477c8727883315f79dbd53f,True
D:\Research\vv_pose_project\outputs\phase9c_r1d_locked_full_confirmation\split_b\seed2026\detector_conditioned_virtual_view_no_confidence\train_rtmpose_performance\phase9c_r1d_run_report.json,D:\Research\vv_pose_project\outputs\phase9c_r1d_locked_full_confirmation\split_b\seed2026\detector_conditioned_virtual_view_no_confidence\train_rtmpose_performance\per_sample_yolo11l_pose_test.npz,2daad617bb3a95c4c411842a6e6c30bb5d8e6deaf0ca607d9958eb0caefd5a75,True
D:\Research\vv_pose_project\outputs\phase9c_r1d_locked_full_confirmation\split_b\seed2026\detector_conditioned_virtual_view_no_confidence\train_rtmpose_performance\phase9c_r1d_run_report.json,D:\Research\vv_pose_project\outputs\phase9c_r1d_locked_full_confirmation\split_b\seed2026\detector_conditioned_virtual_view_no_confidence\train_rtmpose_performance\best.pt,4b1a0963fb52e8a233ffe333f8eb207d7c4be64521b4cf5bfcbc6622e1ee20b2,True
D:\Research\vv_pose_project\outputs\phase9c_r1d_locked_full_confirmation\split_b\seed2026\detector_conditioned_virtual_view_no_confidence\train_rtmpose_performance\phase9c_r1d_run_report.json,D:\Research\vv_pose_project\outputs\phase9c_r1d_locked_full_confirmation\split_b\seed2026\detector_conditioned_virtual_view_no_confidence\train_rtmpose_performance\last.pt,7b63655c61f39b17f13809ac25285443ef27eb56c68681a6b9b09cc5754800d8,True
D:\Research\vv_pose_project\outputs\phase9c_r1d_locked_full_confirmation\split_b\seed2026\detector_conditioned_virtual_view_no_confidence\train_rtmpose_performance\phase9c_r1d_run_report.json,D:\Research\vv_pose_project\outputs\phase9c_r1d_locked_full_confirmation\split_b\seed2026\detector_conditioned_virtual_view_no_confidence\train_rtmpose_performance\training_history.csv,642263de2b3a79d83ad6dd2aaa5ad57271a918648a640d92e1889b75daadc4e8,True
D:\Research\vv_pose_project\outputs\phase9c_r1d_locked_full_confirmation\split_b\seed2026\detector_conditioned_virtual_view_no_confidence\train_yolo11l_pose\phase9c_r1d_run_report.json,D:\Research\vv_pose_project\outputs\phase9c_r1d_locked_full_confirmation\split_b\seed2026\detector_conditioned_virtual_view_no_confidence\train_yolo11l_pose\per_sample_rtmpose_performance_val.npz,8ce565134675d288a93127d8da68c58ebd0583f9b9b8f2c440b5b64195f8c4e9,True
D:\Research\vv_pose_project\outputs\phase9c_r1d_locked_full_confirmation\split_b\seed2026\detector_conditioned_virtual_view_no_confidence\train_yolo11l_pose\phase9c_r1d_run_report.json,D:\Research\vv_pose_project\outputs\phase9c_r1d_locked_full_confirmation\split_b\seed2026\detector_conditioned_virtual_view_no_confidence\train_yolo11l_pose\per_sample_rtmpose_performance_test.npz,8fd9461aa76dbf7c4a9b44ffea7c2501afe039b0dae7eb19e76dc8dde4a0437d,True
D:\Research\vv_pose_project\outputs\phase9c_r1d_locked_full_confirmation\split_b\seed2026\detector_conditioned_virtual_view_no_confidence\train_yolo11l_pose\phase9c_r1d_run_report.json,D:\Research\vv_pose_project\outputs\phase9c_r1d_locked_full_confirmation\split_b\seed2026\detector_conditioned_virtual_view_no_confidence\train_yolo11l_pose\per_sample_yolo11l_pose_val.npz,7d8ffd49ff7bb0c0849726d26f1d4cbd1e16cf39f1312302db80cce82658b749,True
D:\Research\vv_pose_project\outputs\phase9c_r1d_locked_full_confirmation\split_b\seed2026\detector_conditioned_virtual_view_no_confidence\train_yolo11l_pose\phase9c_r1d_run_report.json,D:\Research\vv_pose_project\outputs\phase9c_r1d_locked_full_confirmation\split_b\seed2026\detector_conditioned_virtual_view_no_confidence\train_yolo11l_pose\per_sample_yolo11l_pose_test.npz,2e40129a0267bcb17b783a854bc6f7d3f02fe97b9fdbfdd4f08e547e3daeb200,True
D:\Research\vv_pose_project\outputs\phase9c_r1d_locked_full_confirmation\split_b\seed2026\detector_conditioned_virtual_view_no_confidence\train_yolo11l_pose\phase9c_r1d_run_report.json,D:\Research\vv_pose_project\outputs\phase9c_r1d_locked_full_confirmation\split_b\seed2026\detector_conditioned_virtual_view_no_confidence\train_yolo11l_pose\best.pt,7c039925d879ddc414cb68a7980c16c28ef9a38551cf208f321f3b7df81cb8ea,True
D:\Research\vv_pose_project\outputs\phase9c_r1d_locked_full_confirmation\split_b\seed2026\detector_conditioned_virtual_view_no_confidence\train_yolo11l_pose\phase9c_r1d_run_report.json,D:\Research\vv_pose_project\outputs\phase9c_r1d_locked_full_confirmation\split_b\seed2026\detector_conditioned_virtual_view_no_confidence\train_yolo11l_pose\last.pt,b5e7e22fa56f9b72fd274dec51613e86641af84f4b981db69e5c0387849646fe,True
D:\Research\vv_pose_project\outputs\phase9c_r1d_locked_full_confirmation\split_b\seed2026\detector_conditioned_virtual_view_no_confidence\train_yolo11l_pose\phase9c_r1d_run_report.json,D:\Research\vv_pose_project\outputs\phase9c_r1d_locked_full_confirmation\split_b\seed2026\detector_conditioned_virtual_view_no_confidence\train_yolo11l_pose\training_history.csv,2cb67d137c0cf892806636b91a18bfe71e640cf80b7e19da70dff3babd9d22db,True
D:\Research\vv_pose_project\outputs\phase9c_r1d_locked_full_confirmation\split_b\seed42\bounded_reliability_dual_modulation\train_rtmpose_performance\phase9c_r1d_run_report.json,D:\Research\vv_pose_project\outputs\phase9c_r1d_locked_full_confirmation\split_b\seed42\bounded_reliability_dual_modulation\train_rtmpose_performance\per_sample_rtmpose_performance_val.npz,afc362b7cdb0ebfe5c8f0a3d4ca26736d25d9914b31d6665d54daef8e97ecac3,True
D:\Research\vv_pose_project\outputs\phase9c_r1d_locked_full_confirmation\split_b\seed42\bounded_reliability_dual_modulation\train_rtmpose_performance\phase9c_r1d_run_report.json,D:\Research\vv_pose_project\outputs\phase9c_r1d_locked_full_confirmation\split_b\seed42\bounded_reliability_dual_modulation\train_rtmpose_performance\per_sample_rtmpose_performance_test.npz,c7ec6996edb871552a95b7226bfcb1f587fbe93e0a1052f7758cfe72bbc83959,True
D:\Research\vv_pose_project\outputs\phase9c_r1d_locked_full_confirmation\split_b\seed42\bounded_reliability_dual_modulation\train_rtmpose_performance\phase9c_r1d_run_report.json,D:\Research\vv_pose_project\outputs\phase9c_r1d_locked_full_confirmation\split_b\seed42\bounded_reliability_dual_modulation\train_rtmpose_performance\per_sample_yolo11l_pose_val.npz,52e6709fffbc68dc5bac89bcd35a065be19b7d9ee0e43e8f27a7b08463601b2b,True
D:\Research\vv_pose_project\outputs\phase9c_r1d_locked_full_confirmation\split_b\seed42\bounded_reliability_dual_modulation\train_rtmpose_performance\phase9c_r1d_run_report.json,D:\Research\vv_pose_project\outputs\phase9c_r1d_locked_full_confirmation\split_b\seed42\bounded_reliability_dual_modulation\train_rtmpose_performance\per_sample_yolo11l_pose_test.npz,7898177c5587b37ccd7b598fd31288ef3ece98dda1f32d873bba8b04345a718f,True
D:\Research\vv_pose_project\outputs\phase9c_r1d_locked_full_confirmation\split_b\seed42\bounded_reliability_dual_modulation\train_rtmpose_performance\phase9c_r1d_run_report.json,D:\Research\vv_pose_project\outputs\phase9c_r1d_locked_full_confirmation\split_b\seed42\bounded_reliability_dual_modulation\train_rtmpose_performance\best.pt,2c795f1edd87b3b1444c07b3448e1ea6f7b5066699c2bac0d409c3b27cff5d60,True
D:\Research\vv_pose_project\outputs\phase9c_r1d_locked_full_confirmation\split_b\seed42\bounded_reliability_dual_modulation\train_rtmpose_performance\phase9c_r1d_run_report.json,D:\Research\vv_pose_project\outputs\phase9c_r1d_locked_full_confirmation\split_b\seed42\bounded_reliability_dual_modulation\train_rtmpose_performance\last.pt,5107aff600e00d647ed721939fdae023e50b154f390187461c8eb94a20a32e90,True
D:\Research\vv_pose_project\outputs\phase9c_r1d_locked_full_confirmation\split_b\seed42\bounded_reliability_dual_modulation\train_rtmpose_performance\phase9c_r1d_run_report.json,D:\Research\vv_pose_project\outputs\phase9c_r1d_locked_full_confirmation\split_b\seed42\bounded_reliability_dual_modulation\train_rtmpose_performance\training_history.csv,fa536c473773a7f3ab00de48df159d9725e98f5252d40bc5550b73c0218c3fab,True
D:\Research\vv_pose_project\outputs\phase9c_r1d_locked_full_confirmation\split_b\seed42\bounded_reliability_dual_modulation\train_yolo11l_pose\phase9c_r1d_run_report.json,D:\Research\vv_pose_project\outputs\phase9c_r1d_locked_full_confirmation\split_b\seed42\bounded_reliability_dual_modulation\train_yolo11l_pose\per_sample_rtmpose_performance_val.npz,f91c01222a178421ae3b59830b57838eb53e46bd0e3f1a61819a0d6923186c6e,True
D:\Research\vv_pose_project\outputs\phase9c_r1d_locked_full_confirmation\split_b\seed42\bounded_reliability_dual_modulation\train_yolo11l_pose\phase9c_r1d_run_report.json,D:\Research\vv_pose_project\outputs\phase9c_r1d_locked_full_confirmation\split_b\seed42\bounded_reliability_dual_modulation\train_yolo11l_pose\per_sample_rtmpose_performance_test.npz,14d25a10da5c3bd3a88e02852e896c45bd23236f4d25e6e51e50d2dbfff07887,True
D:\Research\vv_pose_project\outputs\phase9c_r1d_locked_full_confirmation\split_b\seed42\bounded_reliability_dual_modulation\train_yolo11l_pose\phase9c_r1d_run_report.json,D:\Research\vv_pose_project\outputs\phase9c_r1d_locked_full_confirmation\split_b\seed42\bounded_reliability_dual_modulation\train_yolo11l_pose\per_sample_yolo11l_pose_val.npz,2a583a77546d7ba50d75d8678a3be9ff294339441af7d64120e984f2fbb04e21,True
D:\Research\vv_pose_project\outputs\phase9c_r1d_locked_full_confirmation\split_b\seed42\bounded_reliability_dual_modulation\train_yolo11l_pose\phase9c_r1d_run_report.json,D:\Research\vv_pose_project\outputs\phase9c_r1d_locked_full_confirmation\split_b\seed42\bounded_reliability_dual_modulation\train_yolo11l_pose\per_sample_yolo11l_pose_test.npz,d4c6c2bfb588b107955b589614e3c5c72d934182076913f89ba993a21f275788,True
D:\Research\vv_pose_project\outputs\phase9c_r1d_locked_full_confirmation\split_b\seed42\bounded_reliability_dual_modulation\train_yolo11l_pose\phase9c_r1d_run_report.json,D:\Research\vv_pose_project\outputs\phase9c_r1d_locked_full_confirmation\split_b\seed42\bounded_reliability_dual_modulation\train_yolo11l_pose\best.pt,e2556e9f94faaee67f6ea2b140a9a80b7d2b5a1e9d090e5866f70326d8021091,True
D:\Research\vv_pose_project\outputs\phase9c_r1d_locked_full_confirmation\split_b\seed42\bounded_reliability_dual_modulation\train_yolo11l_pose\phase9c_r1d_run_report.json,D:\Research\vv_pose_project\outputs\phase9c_r1d_locked_full_confirmation\split_b\seed42\bounded_reliability_dual_modulation\train_yolo11l_pose\last.pt,fb7c6d27b4545223441e6e4428cc47bbd21b47f93bfa6dfb3b33b2d043a91dba,True
D:\Research\vv_pose_project\outputs\phase9c_r1d_locked_full_confirmation\split_b\seed42\bounded_reliability_dual_modulation\train_yolo11l_pose\phase9c_r1d_run_report.json,D:\Research\vv_pose_project\outputs\phase9c_r1d_locked_full_confirmation\split_b\seed42\bounded_reliability_dual_modulation\train_yolo11l_pose\training_history.csv,9e4ff217190cbd96cb9bb64740b2d722fe398c146fc0d8c88f551ca97af35ce0,True
D:\Research\vv_pose_project\outputs\phase9c_r1d_locked_full_confirmation\split_b\seed42\detector_aware_observed\train_rtmpose_performance\phase9c_r1d_run_report.json,D:\Research\vv_pose_project\outputs\phase9c_r1d_locked_full_confirmation\split_b\seed42\detector_aware_observed\train_rtmpose_performance\per_sample_rtmpose_performance_val.npz,6598168a01a5f1e949448055ce01a38c3de0c5b12853cf6618868b56e7b19517,True
D:\Research\vv_pose_project\outputs\phase9c_r1d_locked_full_confirmation\split_b\seed42\detector_aware_observed\train_rtmpose_performance\phase9c_r1d_run_report.json,D:\Research\vv_pose_project\outputs\phase9c_r1d_locked_full_confirmation\split_b\seed42\detector_aware_observed\train_rtmpose_performance\per_sample_rtmpose_performance_test.npz,9a8da303b02eceb33896499ff0ae9ba7374ccd3b5ad383644f476430d3a439a4,True
D:\Research\vv_pose_project\outputs\phase9c_r1d_locked_full_confirmation\split_b\seed42\detector_aware_observed\train_rtmpose_performance\phase9c_r1d_run_report.json,D:\Research\vv_pose_project\outputs\phase9c_r1d_locked_full_confirmation\split_b\seed42\detector_aware_observed\train_rtmpose_performance\per_sample_yolo11l_pose_val.npz,6c0087e43aa957e664867008d373f8f6ee88da2f8ccc73f4d482e855990e0566,True
D:\Research\vv_pose_project\outputs\phase9c_r1d_locked_full_confirmation\split_b\seed42\detector_aware_observed\train_rtmpose_performance\phase9c_r1d_run_report.json,D:\Research\vv_pose_project\outputs\phase9c_r1d_locked_full_confirmation\split_b\seed42\detector_aware_observed\train_rtmpose_performance\per_sample_yolo11l_pose_test.npz,537c2247c1f48eaf8c94b7da2a7622a819ebb101612ea4cf9eaaa12cf0dab91f,True
D:\Research\vv_pose_project\outputs\phase9c_r1d_locked_full_confirmation\split_b\seed42\detector_aware_observed\train_rtmpose_performance\phase9c_r1d_run_report.json,D:\Research\vv_pose_project\outputs\phase9c_r1d_locked_full_confirmation\split_b\seed42\detector_aware_observed\train_rtmpose_performance\best.pt,0894a30cdf99411ca254825f07b2af7575a19aaba923fcba92ecf8478b86d158,True
D:\Research\vv_pose_project\outputs\phase9c_r1d_locked_full_confirmation\split_b\seed42\detector_aware_observed\train_rtmpose_performance\phase9c_r1d_run_report.json,D:\Research\vv_pose_project\outputs\phase9c_r1d_locked_full_confirmation\split_b\seed42\detector_aware_observed\train_rtmpose_performance\last.pt,8cf81ef3d1a5936e9256d07f72c1ad4001a8be9a6fef2e96db0268fde3d945b7,True
D:\Research\vv_pose_project\outputs\phase9c_r1d_locked_full_confirmation\split_b\seed42\detector_aware_observed\train_rtmpose_performance\phase9c_r1d_run_report.json,D:\Research\vv_pose_project\outputs\phase9c_r1d_locked_full_confirmation\split_b\seed42\detector_aware_observed\train_rtmpose_performance\training_history.csv,f6827eb785437c7f21fde1f8fb563b77c723132c58904cd1163dd2f6c74184e9,True
D:\Research\vv_pose_project\outputs\phase9c_r1d_locked_full_confirmation\split_b\seed42\detector_aware_observed\train_yolo11l_pose\phase9c_r1d_run_report.json,D:\Research\vv_pose_project\outputs\phase9c_r1d_locked_full_confirmation\split_b\seed42\detector_aware_observed\train_yolo11l_pose\per_sample_rtmpose_performance_val.npz,898cdde08d403c151f34b9b8d69c25eb8a8deaa29a17395e610c756e2f4cd2dc,True
D:\Research\vv_pose_project\outputs\phase9c_r1d_locked_full_confirmation\split_b\seed42\detector_aware_observed\train_yolo11l_pose\phase9c_r1d_run_report.json,D:\Research\vv_pose_project\outputs\phase9c_r1d_locked_full_confirmation\split_b\seed42\detector_aware_observed\train_yolo11l_pose\per_sample_rtmpose_performance_test.npz,f639abcda5e63e3da82251098bb7d7c78936cfa72cc41c70c2051ff0fb2cc167,True
D:\Research\vv_pose_project\outputs\phase9c_r1d_locked_full_confirmation\split_b\seed42\detector_aware_observed\train_yolo11l_pose\phase9c_r1d_run_report.json,D:\Research\vv_pose_project\outputs\phase9c_r1d_locked_full_confirmation\split_b\seed42\detector_aware_observed\train_yolo11l_pose\per_sample_yolo11l_pose_val.npz,5ebb2a97241d4808b1c76070d873c9da916e25a0da6abaddc4082cf0c2acfe54,True
D:\Research\vv_pose_project\outputs\phase9c_r1d_locked_full_confirmation\split_b\seed42\detector_aware_observed\train_yolo11l_pose\phase9c_r1d_run_report.json,D:\Research\vv_pose_project\outputs\phase9c_r1d_locked_full_confirmation\split_b\seed42\detector_aware_observed\train_yolo11l_pose\per_sample_yolo11l_pose_test.npz,21c21f4b68336fbf8e116d2b6606adfb2c6e0dba50fa5687d90d7904afbf48d2,True
D:\Research\vv_pose_project\outputs\phase9c_r1d_locked_full_confirmation\split_b\seed42\detector_aware_observed\train_yolo11l_pose\phase9c_r1d_run_report.json,D:\Research\vv_pose_project\outputs\phase9c_r1d_locked_full_confirmation\split_b\seed42\detector_aware_observed\train_yolo11l_pose\best.pt,1f0a250a4f98d5d0b1692f87d782e2330165d99aa9216ee64456c0fb9123876f,True
D:\Research\vv_pose_project\outputs\phase9c_r1d_locked_full_confirmation\split_b\seed42\detector_aware_observed\train_yolo11l_pose\phase9c_r1d_run_report.json,D:\Research\vv_pose_project\outputs\phase9c_r1d_locked_full_confirmation\split_b\seed42\detector_aware_observed\train_yolo11l_pose\last.pt,b8a298ef72c59d80a1cd136971baf8365b256fcd475b5eebf919149c4a17eb76,True
D:\Research\vv_pose_project\outputs\phase9c_r1d_locked_full_confirmation\split_b\seed42\detector_aware_observed\train_yolo11l_pose\phase9c_r1d_run_report.json,D:\Research\vv_pose_project\outputs\phase9c_r1d_locked_full_confirmation\split_b\seed42\detector_aware_observed\train_yolo11l_pose\training_history.csv,2dd059bdbaf643b93321563970d71aa951fac57d3293283b7295f3e64ed11947,True
D:\Research\vv_pose_project\outputs\phase9c_r1d_locked_full_confirmation\split_b\seed42\detector_conditioned_virtual_view_no_confidence\train_rtmpose_performance\phase9c_r1d_run_report.json,D:\Research\vv_pose_project\outputs\phase9c_r1d_locked_full_confirmation\split_b\seed42\detector_conditioned_virtual_view_no_confidence\train_rtmpose_performance\per_sample_rtmpose_performance_val.npz,38e0ad59f5873d9b480d0afd56d1b445256d0372b6375681f4a2e97bc89f18aa,True
D:\Research\vv_pose_project\outputs\phase9c_r1d_locked_full_confirmation\split_b\seed42\detector_conditioned_virtual_view_no_confidence\train_rtmpose_performance\phase9c_r1d_run_report.json,D:\Research\vv_pose_project\outputs\phase9c_r1d_locked_full_confirmation\split_b\seed42\detector_conditioned_virtual_view_no_confidence\train_rtmpose_performance\per_sample_rtmpose_performance_test.npz,05580e2e36dc41ef2c39eba3898247f96338a925e0126beb0a1609b3ab94171c,True
D:\Research\vv_pose_project\outputs\phase9c_r1d_locked_full_confirmation\split_b\seed42\detector_conditioned_virtual_view_no_confidence\train_rtmpose_performance\phase9c_r1d_run_report.json,D:\Research\vv_pose_project\outputs\phase9c_r1d_locked_full_confirmation\split_b\seed42\detector_conditioned_virtual_view_no_confidence\train_rtmpose_performance\per_sample_yolo11l_pose_val.npz,053cd43123045cbe511ce598b15a310c5fac87813908b834002a574950d8140f,True
D:\Research\vv_pose_project\outputs\phase9c_r1d_locked_full_confirmation\split_b\seed42\detector_conditioned_virtual_view_no_confidence\train_rtmpose_performance\phase9c_r1d_run_report.json,D:\Research\vv_pose_project\outputs\phase9c_r1d_locked_full_confirmation\split_b\seed42\detector_conditioned_virtual_view_no_confidence\train_rtmpose_performance\per_sample_yolo11l_pose_test.npz,865c0e1901cad518e1f393e5b1700c5123126d409337a37a3cb6732154c60a7d,True
D:\Research\vv_pose_project\outputs\phase9c_r1d_locked_full_confirmation\split_b\seed42\detector_conditioned_virtual_view_no_confidence\train_rtmpose_performance\phase9c_r1d_run_report.json,D:\Research\vv_pose_project\outputs\phase9c_r1d_locked_full_confirmation\split_b\seed42\detector_conditioned_virtual_view_no_confidence\train_rtmpose_performance\best.pt,6963e8edcd5b83efcdb337bf3d3e6a97e7e91cede4bddb32c38e17742e45a55f,True
D:\Research\vv_pose_project\outputs\phase9c_r1d_locked_full_confirmation\split_b\seed42\detector_conditioned_virtual_view_no_confidence\train_rtmpose_performance\phase9c_r1d_run_report.json,D:\Research\vv_pose_project\outputs\phase9c_r1d_locked_full_confirmation\split_b\seed42\detector_conditioned_virtual_view_no_confidence\train_rtmpose_performance\last.pt,450f877ff610ce371b87b52825e1403a25dec2563ab20147ec362d1b7bc06dcc,True
D:\Research\vv_pose_project\outputs\phase9c_r1d_locked_full_confirmation\split_b\seed42\detector_conditioned_virtual_view_no_confidence\train_rtmpose_performance\phase9c_r1d_run_report.json,D:\Research\vv_pose_project\outputs\phase9c_r1d_locked_full_confirmation\split_b\seed42\detector_conditioned_virtual_view_no_confidence\train_rtmpose_performance\training_history.csv,1c84f64cd716f013bfa4d10be44c612457d580fd0c72147e237753bebfbed60d,True
D:\Research\vv_pose_project\outputs\phase9c_r1d_locked_full_confirmation\split_b\seed42\detector_conditioned_virtual_view_no_confidence\train_yolo11l_pose\phase9c_r1d_run_report.json,D:\Research\vv_pose_project\outputs\phase9c_r1d_locked_full_confirmation\split_b\seed42\detector_conditioned_virtual_view_no_confidence\train_yolo11l_pose\per_sample_rtmpose_performance_val.npz,7f77c7c76ce423730455c22c6d2dbd8a97db0eb2539cab18a776feafebdf10a5,True
D:\Research\vv_pose_project\outputs\phase9c_r1d_locked_full_confirmation\split_b\seed42\detector_conditioned_virtual_view_no_confidence\train_yolo11l_pose\phase9c_r1d_run_report.json,D:\Research\vv_pose_project\outputs\phase9c_r1d_locked_full_confirmation\split_b\seed42\detector_conditioned_virtual_view_no_confidence\train_yolo11l_pose\per_sample_rtmpose_performance_test.npz,474699577a0ca9eabb075d9a519647cb04127cf83a04111993f16f6f88b26c0c,True
D:\Research\vv_pose_project\outputs\phase9c_r1d_locked_full_confirmation\split_b\seed42\detector_conditioned_virtual_view_no_confidence\train_yolo11l_pose\phase9c_r1d_run_report.json,D:\Research\vv_pose_project\outputs\phase9c_r1d_locked_full_confirmation\split_b\seed42\detector_conditioned_virtual_view_no_confidence\train_yolo11l_pose\per_sample_yolo11l_pose_val.npz,d0e9dd6b19d4724aa34b5f9735a1360af42e9deac0408a0760225e5f3bc79321,True
D:\Research\vv_pose_project\outputs\phase9c_r1d_locked_full_confirmation\split_b\seed42\detector_conditioned_virtual_view_no_confidence\train_yolo11l_pose\phase9c_r1d_run_report.json,D:\Research\vv_pose_project\outputs\phase9c_r1d_locked_full_confirmation\split_b\seed42\detector_conditioned_virtual_view_no_confidence\train_yolo11l_pose\per_sample_yolo11l_pose_test.npz,cd4dc9245dc600ff2f91a958d0a2a9c354e3a58088f1c7f92d8d9ad585b83d94,True
D:\Research\vv_pose_project\outputs\phase9c_r1d_locked_full_confirmation\split_b\seed42\detector_conditioned_virtual_view_no_confidence\train_yolo11l_pose\phase9c_r1d_run_report.json,D:\Research\vv_pose_project\outputs\phase9c_r1d_locked_full_confirmation\split_b\seed42\detector_conditioned_virtual_view_no_confidence\train_yolo11l_pose\best.pt,9b689a264a9644912d2c4c69fd47d1475869f2bac21e02a37fbf9149999c7d3a,True
D:\Research\vv_pose_project\outputs\phase9c_r1d_locked_full_confirmation\split_b\seed42\detector_conditioned_virtual_view_no_confidence\train_yolo11l_pose\phase9c_r1d_run_report.json,D:\Research\vv_pose_project\outputs\phase9c_r1d_locked_full_confirmation\split_b\seed42\detector_conditioned_virtual_view_no_confidence\train_yolo11l_pose\last.pt,bd2869eebfb8027b800b872fdd36b28e336ca0c4ff6ebb3ca944dd3cb66c90d8,True
D:\Research\vv_pose_project\outputs\phase9c_r1d_locked_full_confirmation\split_b\seed42\detector_conditioned_virtual_view_no_confidence\train_yolo11l_pose\phase9c_r1d_run_report.json,D:\Research\vv_pose_project\outputs\phase9c_r1d_locked_full_confirmation\split_b\seed42\detector_conditioned_virtual_view_no_confidence\train_yolo11l_pose\training_history.csv,bc0737f6378479d3d44cc4c481c7239d17d4b19099dfe8b9f5022967eabed064,True
D:\Research\vv_pose_project\outputs\phase9c_r1d_locked_full_confirmation\split_c\seed123\bounded_reliability_dual_modulation\train_rtmpose_performance\phase9c_r1d_run_report.json,D:\Research\vv_pose_project\outputs\phase9c_r1d_locked_full_confirmation\split_c\seed123\bounded_reliability_dual_modulation\train_rtmpose_performance\per_sample_rtmpose_performance_val.npz,6c41b03defa4f5cfaca375b22647eee144c0a8156196f1af5da892d6d15a341e,True
D:\Research\vv_pose_project\outputs\phase9c_r1d_locked_full_confirmation\split_c\seed123\bounded_reliability_dual_modulation\train_rtmpose_performance\phase9c_r1d_run_report.json,D:\Research\vv_pose_project\outputs\phase9c_r1d_locked_full_confirmation\split_c\seed123\bounded_reliability_dual_modulation\train_rtmpose_performance\per_sample_rtmpose_performance_test.npz,7146c6176c230ee0f6506ef791d5e23cce8036cb7312901cc4ef10cb94fd15c1,True
D:\Research\vv_pose_project\outputs\phase9c_r1d_locked_full_confirmation\split_c\seed123\bounded_reliability_dual_modulation\train_rtmpose_performance\phase9c_r1d_run_report.json,D:\Research\vv_pose_project\outputs\phase9c_r1d_locked_full_confirmation\split_c\seed123\bounded_reliability_dual_modulation\train_rtmpose_performance\per_sample_yolo11l_pose_val.npz,c882b248fa9bbec1c329170c63a5de2e1c92c78f227d34ca827ac375687bb06b,True
D:\Research\vv_pose_project\outputs\phase9c_r1d_locked_full_confirmation\split_c\seed123\bounded_reliability_dual_modulation\train_rtmpose_performance\phase9c_r1d_run_report.json,D:\Research\vv_pose_project\outputs\phase9c_r1d_locked_full_confirmation\split_c\seed123\bounded_reliability_dual_modulation\train_rtmpose_performance\per_sample_yolo11l_pose_test.npz,c7ea58ddf70d5c89f4255c3e2068c5ca0e17dbc60a5d5f4963c5abe304cd9b9b,True
D:\Research\vv_pose_project\outputs\phase9c_r1d_locked_full_confirmation\split_c\seed123\bounded_reliability_dual_modulation\train_rtmpose_performance\phase9c_r1d_run_report.json,D:\Research\vv_pose_project\outputs\phase9c_r1d_locked_full_confirmation\split_c\seed123\bounded_reliability_dual_modulation\train_rtmpose_performance\best.pt,c1c2c8f36a888d6150d3fb40af1310b36e4ca08d9fc23834757826c5b3c15ba9,True
D:\Research\vv_pose_project\outputs\phase9c_r1d_locked_full_confirmation\split_c\seed123\bounded_reliability_dual_modulation\train_rtmpose_performance\phase9c_r1d_run_report.json,D:\Research\vv_pose_project\outputs\phase9c_r1d_locked_full_confirmation\split_c\seed123\bounded_reliability_dual_modulation\train_rtmpose_performance\last.pt,b46727940c2962f9150a308b3a88b0b32553ef96374d1e56621958f65714bd5e,True
D:\Research\vv_pose_project\outputs\phase9c_r1d_locked_full_confirmation\split_c\seed123\bounded_reliability_dual_modulation\train_rtmpose_performance\phase9c_r1d_run_report.json,D:\Research\vv_pose_project\outputs\phase9c_r1d_locked_full_confirmation\split_c\seed123\bounded_reliability_dual_modulation\train_rtmpose_performance\training_history.csv,1d0754f217c01bb2cc7587d91d07a83e86bda105cc0ebcc2cc6bc06f49d13c7d,True
D:\Research\vv_pose_project\outputs\phase9c_r1d_locked_full_confirmation\split_c\seed123\bounded_reliability_dual_modulation\train_yolo11l_pose\phase9c_r1d_run_report.json,D:\Research\vv_pose_project\outputs\phase9c_r1d_locked_full_confirmation\split_c\seed123\bounded_reliability_dual_modulation\train_yolo11l_pose\per_sample_rtmpose_performance_val.npz,3790af62f623e7ddf1f24980d08bd804e7c59dc96c86a81a93883ab8f3f384e2,True
D:\Research\vv_pose_project\outputs\phase9c_r1d_locked_full_confirmation\split_c\seed123\bounded_reliability_dual_modulation\train_yolo11l_pose\phase9c_r1d_run_report.json,D:\Research\vv_pose_project\outputs\phase9c_r1d_locked_full_confirmation\split_c\seed123\bounded_reliability_dual_modulation\train_yolo11l_pose\per_sample_rtmpose_performance_test.npz,63a268ef52e9ab8967911dbdf9c46ec70769b57883b8590632af202bfe572d07,True
D:\Research\vv_pose_project\outputs\phase9c_r1d_locked_full_confirmation\split_c\seed123\bounded_reliability_dual_modulation\train_yolo11l_pose\phase9c_r1d_run_report.json,D:\Research\vv_pose_project\outputs\phase9c_r1d_locked_full_confirmation\split_c\seed123\bounded_reliability_dual_modulation\train_yolo11l_pose\per_sample_yolo11l_pose_val.npz,f05cf4c0828a866508e2fba85a63407d5f3e2dfc48b1ddc9df7b9c1baef56d22,True
D:\Research\vv_pose_project\outputs\phase9c_r1d_locked_full_confirmation\split_c\seed123\bounded_reliability_dual_modulation\train_yolo11l_pose\phase9c_r1d_run_report.json,D:\Research\vv_pose_project\outputs\phase9c_r1d_locked_full_confirmation\split_c\seed123\bounded_reliability_dual_modulation\train_yolo11l_pose\per_sample_yolo11l_pose_test.npz,89f04e03d7bde12db8211dbf5591abf9c91cca3e6a99e5d56e17015733d2bd6d,True
D:\Research\vv_pose_project\outputs\phase9c_r1d_locked_full_confirmation\split_c\seed123\bounded_reliability_dual_modulation\train_yolo11l_pose\phase9c_r1d_run_report.json,D:\Research\vv_pose_project\outputs\phase9c_r1d_locked_full_confirmation\split_c\seed123\bounded_reliability_dual_modulation\train_yolo11l_pose\best.pt,a4008fcb70943f2d072d2d77d33f4f5583b4286c93beebba5d27e2d28f2e3ba8,True
D:\Research\vv_pose_project\outputs\phase9c_r1d_locked_full_confirmation\split_c\seed123\bounded_reliability_dual_modulation\train_yolo11l_pose\phase9c_r1d_run_report.json,D:\Research\vv_pose_project\outputs\phase9c_r1d_locked_full_confirmation\split_c\seed123\bounded_reliability_dual_modulation\train_yolo11l_pose\last.pt,f781c78f14a022482a93ad8e3d95f594ff079b7caeaf92d31ea705326f78409f,True
D:\Research\vv_pose_project\outputs\phase9c_r1d_locked_full_confirmation\split_c\seed123\bounded_reliability_dual_modulation\train_yolo11l_pose\phase9c_r1d_run_report.json,D:\Research\vv_pose_project\outputs\phase9c_r1d_locked_full_confirmation\split_c\seed123\bounded_reliability_dual_modulation\train_yolo11l_pose\training_history.csv,7790566d4ed5fc75870e1f4ad5106f1dea5e662913db143a4cf7587487f1f320,True
D:\Research\vv_pose_project\outputs\phase9c_r1d_locked_full_confirmation\split_c\seed123\detector_aware_observed\train_rtmpose_performance\phase9c_r1d_run_report.json,D:\Research\vv_pose_project\outputs\phase9c_r1d_locked_full_confirmation\split_c\seed123\detector_aware_observed\train_rtmpose_performance\per_sample_rtmpose_performance_val.npz,739f3c6333f9e1b385183ee21e99f21bafac95f2321432022a535d7d52a3c510,True
D:\Research\vv_pose_project\outputs\phase9c_r1d_locked_full_confirmation\split_c\seed123\detector_aware_observed\train_rtmpose_performance\phase9c_r1d_run_report.json,D:\Research\vv_pose_project\outputs\phase9c_r1d_locked_full_confirmation\split_c\seed123\detector_aware_observed\train_rtmpose_performance\per_sample_rtmpose_performance_test.npz,a1a4f697f087391b652a681ad8226397bb11208242e2f32fe88fa047f8084e96,True
D:\Research\vv_pose_project\outputs\phase9c_r1d_locked_full_confirmation\split_c\seed123\detector_aware_observed\train_rtmpose_performance\phase9c_r1d_run_report.json,D:\Research\vv_pose_project\outputs\phase9c_r1d_locked_full_confirmation\split_c\seed123\detector_aware_observed\train_rtmpose_performance\per_sample_yolo11l_pose_val.npz,4d3f13210e8b2e08355941b7fb3b535afd27ad18217f7d5bc9cf185d21345234,True
D:\Research\vv_pose_project\outputs\phase9c_r1d_locked_full_confirmation\split_c\seed123\detector_aware_observed\train_rtmpose_performance\phase9c_r1d_run_report.json,D:\Research\vv_pose_project\outputs\phase9c_r1d_locked_full_confirmation\split_c\seed123\detector_aware_observed\train_rtmpose_performance\per_sample_yolo11l_pose_test.npz,7523e670c0ddea985cffd8e09d918bb7a0de6f548ca6bbf8295a473bd0c1041d,True
D:\Research\vv_pose_project\outputs\phase9c_r1d_locked_full_confirmation\split_c\seed123\detector_aware_observed\train_rtmpose_performance\phase9c_r1d_run_report.json,D:\Research\vv_pose_project\outputs\phase9c_r1d_locked_full_confirmation\split_c\seed123\detector_aware_observed\train_rtmpose_performance\best.pt,02e86223591e7b3d5128ff4624d2e77bf4cf357c9b2ab295199c65890f6a572b,True
D:\Research\vv_pose_project\outputs\phase9c_r1d_locked_full_confirmation\split_c\seed123\detector_aware_observed\train_rtmpose_performance\phase9c_r1d_run_report.json,D:\Research\vv_pose_project\outputs\phase9c_r1d_locked_full_confirmation\split_c\seed123\detector_aware_observed\train_rtmpose_performance\last.pt,fc8ca9b01ff301a4ecac6ac01d47b6a03f21dd08cfec8924e1e221c391a67c70,True
D:\Research\vv_pose_project\outputs\phase9c_r1d_locked_full_confirmation\split_c\seed123\detector_aware_observed\train_rtmpose_performance\phase9c_r1d_run_report.json,D:\Research\vv_pose_project\outputs\phase9c_r1d_locked_full_confirmation\split_c\seed123\detector_aware_observed\train_rtmpose_performance\training_history.csv,88eeab9bb5feb7e05e02b99fc2efdafe00322e049cce38f4ef67c6d63ab53db7,True
D:\Research\vv_pose_project\outputs\phase9c_r1d_locked_full_confirmation\split_c\seed123\detector_aware_observed\train_yolo11l_pose\phase9c_r1d_run_report.json,D:\Research\vv_pose_project\outputs\phase9c_r1d_locked_full_confirmation\split_c\seed123\detector_aware_observed\train_yolo11l_pose\per_sample_rtmpose_performance_val.npz,c6c9fb73d92c809a2f0db6130d6960adb01d39d1f986c6d4eeea2b82fa3dc770,True
D:\Research\vv_pose_project\outputs\phase9c_r1d_locked_full_confirmation\split_c\seed123\detector_aware_observed\train_yolo11l_pose\phase9c_r1d_run_report.json,D:\Research\vv_pose_project\outputs\phase9c_r1d_locked_full_confirmation\split_c\seed123\detector_aware_observed\train_yolo11l_pose\per_sample_rtmpose_performance_test.npz,24151ff50d288948e319eaefe8d2b6daa1a404ba665868041ecacae41dcc4c5d,True
D:\Research\vv_pose_project\outputs\phase9c_r1d_locked_full_confirmation\split_c\seed123\detector_aware_observed\train_yolo11l_pose\phase9c_r1d_run_report.json,D:\Research\vv_pose_project\outputs\phase9c_r1d_locked_full_confirmation\split_c\seed123\detector_aware_observed\train_yolo11l_pose\per_sample_yolo11l_pose_val.npz,de4432d58e2bd180d6325cbb965c32b46078df68f6646dcf8f38b1ba6a1afdd6,True
D:\Research\vv_pose_project\outputs\phase9c_r1d_locked_full_confirmation\split_c\seed123\detector_aware_observed\train_yolo11l_pose\phase9c_r1d_run_report.json,D:\Research\vv_pose_project\outputs\phase9c_r1d_locked_full_confirmation\split_c\seed123\detector_aware_observed\train_yolo11l_pose\per_sample_yolo11l_pose_test.npz,98534d0c7221824d0f6c255d58064270d5c698fcb7f0ce27affb70e5891a2d7a,True
D:\Research\vv_pose_project\outputs\phase9c_r1d_locked_full_confirmation\split_c\seed123\detector_aware_observed\train_yolo11l_pose\phase9c_r1d_run_report.json,D:\Research\vv_pose_project\outputs\phase9c_r1d_locked_full_confirmation\split_c\seed123\detector_aware_observed\train_yolo11l_pose\best.pt,c5938aadbd52326ba29954a8cf3dac054c888349addd8299cd66d7450486913c,True
D:\Research\vv_pose_project\outputs\phase9c_r1d_locked_full_confirmation\split_c\seed123\detector_aware_observed\train_yolo11l_pose\phase9c_r1d_run_report.json,D:\Research\vv_pose_project\outputs\phase9c_r1d_locked_full_confirmation\split_c\seed123\detector_aware_observed\train_yolo11l_pose\last.pt,d5c680f25412a0a96dd6aaee6bf08bb2303321112fa18f4e7ac41c7444a021e8,True
D:\Research\vv_pose_project\outputs\phase9c_r1d_locked_full_confirmation\split_c\seed123\detector_aware_observed\train_yolo11l_pose\phase9c_r1d_run_report.json,D:\Research\vv_pose_project\outputs\phase9c_r1d_locked_full_confirmation\split_c\seed123\detector_aware_observed\train_yolo11l_pose\training_history.csv,f37c7950646e06a6316339f1f90b542ccd41febcc5d211c60d70dc9a30175f87,True
D:\Research\vv_pose_project\outputs\phase9c_r1d_locked_full_confirmation\split_c\seed123\detector_conditioned_virtual_view_no_confidence\train_rtmpose_performance\phase9c_r1d_run_report.json,D:\Research\vv_pose_project\outputs\phase9c_r1d_locked_full_confirmation\split_c\seed123\detector_conditioned_virtual_view_no_confidence\train_rtmpose_performance\per_sample_rtmpose_performance_val.npz,222fd72f7ff119d375765a0556496758cb62aa1aa143aebac080d1b028b36b56,True
D:\Research\vv_pose_project\outputs\phase9c_r1d_locked_full_confirmation\split_c\seed123\detector_conditioned_virtual_view_no_confidence\train_rtmpose_performance\phase9c_r1d_run_report.json,D:\Research\vv_pose_project\outputs\phase9c_r1d_locked_full_confirmation\split_c\seed123\detector_conditioned_virtual_view_no_confidence\train_rtmpose_performance\per_sample_rtmpose_performance_test.npz,2381fe0500ab064a21cfb83ec5e8eadb1b20311f6e097c270a773a9e59247622,True
D:\Research\vv_pose_project\outputs\phase9c_r1d_locked_full_confirmation\split_c\seed123\detector_conditioned_virtual_view_no_confidence\train_rtmpose_performance\phase9c_r1d_run_report.json,D:\Research\vv_pose_project\outputs\phase9c_r1d_locked_full_confirmation\split_c\seed123\detector_conditioned_virtual_view_no_confidence\train_rtmpose_performance\per_sample_yolo11l_pose_val.npz,f50832fd1e7d5a30b1370d9acc7abb5341297f16f0ea8b0959950c5dc2e3a70f,True
D:\Research\vv_pose_project\outputs\phase9c_r1d_locked_full_confirmation\split_c\seed123\detector_conditioned_virtual_view_no_confidence\train_rtmpose_performance\phase9c_r1d_run_report.json,D:\Research\vv_pose_project\outputs\phase9c_r1d_locked_full_confirmation\split_c\seed123\detector_conditioned_virtual_view_no_confidence\train_rtmpose_performance\per_sample_yolo11l_pose_test.npz,6860aa338cd1203e86a53522a06ab2e01ea02d6a49a06479f2f2cea3531836c5,True
D:\Research\vv_pose_project\outputs\phase9c_r1d_locked_full_confirmation\split_c\seed123\detector_conditioned_virtual_view_no_confidence\train_rtmpose_performance\phase9c_r1d_run_report.json,D:\Research\vv_pose_project\outputs\phase9c_r1d_locked_full_confirmation\split_c\seed123\detector_conditioned_virtual_view_no_confidence\train_rtmpose_performance\best.pt,568cf30f0f86e1f4a62b568a87dfccfb9bf19ab212602a4c82b505e0e851ffbc,True
D:\Research\vv_pose_project\outputs\phase9c_r1d_locked_full_confirmation\split_c\seed123\detector_conditioned_virtual_view_no_confidence\train_rtmpose_performance\phase9c_r1d_run_report.json,D:\Research\vv_pose_project\outputs\phase9c_r1d_locked_full_confirmation\split_c\seed123\detector_conditioned_virtual_view_no_confidence\train_rtmpose_performance\last.pt,0ccc556bad07dfe82d5eed9de88a9cf0e7faa9c362a85860476f455cda8ce490,True
D:\Research\vv_pose_project\outputs\phase9c_r1d_locked_full_confirmation\split_c\seed123\detector_conditioned_virtual_view_no_confidence\train_rtmpose_performance\phase9c_r1d_run_report.json,D:\Research\vv_pose_project\outputs\phase9c_r1d_locked_full_confirmation\split_c\seed123\detector_conditioned_virtual_view_no_confidence\train_rtmpose_performance\training_history.csv,d913cdf18c06803a30b74f33415f2fd4ede9d2a4db1be027af6e600d2432da48,True
D:\Research\vv_pose_project\outputs\phase9c_r1d_locked_full_confirmation\split_c\seed123\detector_conditioned_virtual_view_no_confidence\train_yolo11l_pose\phase9c_r1d_run_report.json,D:\Research\vv_pose_project\outputs\phase9c_r1d_locked_full_confirmation\split_c\seed123\detector_conditioned_virtual_view_no_confidence\train_yolo11l_pose\per_sample_rtmpose_performance_val.npz,4cff6df89a1f07191ec4d893812bd4e9d8ffc80ab103607a0e20f0056b79ab64,True
D:\Research\vv_pose_project\outputs\phase9c_r1d_locked_full_confirmation\split_c\seed123\detector_conditioned_virtual_view_no_confidence\train_yolo11l_pose\phase9c_r1d_run_report.json,D:\Research\vv_pose_project\outputs\phase9c_r1d_locked_full_confirmation\split_c\seed123\detector_conditioned_virtual_view_no_confidence\train_yolo11l_pose\per_sample_rtmpose_performance_test.npz,b0bfce15cdc14a6690df4ab2ac88450dec00ac3f2f13ee07351b8b7a8961a732,True
D:\Research\vv_pose_project\outputs\phase9c_r1d_locked_full_confirmation\split_c\seed123\detector_conditioned_virtual_view_no_confidence\train_yolo11l_pose\phase9c_r1d_run_report.json,D:\Research\vv_pose_project\outputs\phase9c_r1d_locked_full_confirmation\split_c\seed123\detector_conditioned_virtual_view_no_confidence\train_yolo11l_pose\per_sample_yolo11l_pose_val.npz,db05b3fc151eb4b9222cbd4afdff873f5355a886a8e4af529f584a1408a2cd87,True
D:\Research\vv_pose_project\outputs\phase9c_r1d_locked_full_confirmation\split_c\seed123\detector_conditioned_virtual_view_no_confidence\train_yolo11l_pose\phase9c_r1d_run_report.json,D:\Research\vv_pose_project\outputs\phase9c_r1d_locked_full_confirmation\split_c\seed123\detector_conditioned_virtual_view_no_confidence\train_yolo11l_pose\per_sample_yolo11l_pose_test.npz,12affb4966cdb77f62d703654a30b417ed5775ba087f61c316ba7d2235b0424d,True
D:\Research\vv_pose_project\outputs\phase9c_r1d_locked_full_confirmation\split_c\seed123\detector_conditioned_virtual_view_no_confidence\train_yolo11l_pose\phase9c_r1d_run_report.json,D:\Research\vv_pose_project\outputs\phase9c_r1d_locked_full_confirmation\split_c\seed123\detector_conditioned_virtual_view_no_confidence\train_yolo11l_pose\best.pt,8ecc66682ecffb627ad362c7a8d0a2e5765042db0381b9f3549ea261288ac49c,True
D:\Research\vv_pose_project\outputs\phase9c_r1d_locked_full_confirmation\split_c\seed123\detector_conditioned_virtual_view_no_confidence\train_yolo11l_pose\phase9c_r1d_run_report.json,D:\Research\vv_pose_project\outputs\phase9c_r1d_locked_full_confirmation\split_c\seed123\detector_conditioned_virtual_view_no_confidence\train_yolo11l_pose\last.pt,7bf951dd58ef91abb8a551a656e968e4dc62e1e9ed405139e75bf0a89c4d6e47,True
D:\Research\vv_pose_project\outputs\phase9c_r1d_locked_full_confirmation\split_c\seed123\detector_conditioned_virtual_view_no_confidence\train_yolo11l_pose\phase9c_r1d_run_report.json,D:\Research\vv_pose_project\outputs\phase9c_r1d_locked_full_confirmation\split_c\seed123\detector_conditioned_virtual_view_no_confidence\train_yolo11l_pose\training_history.csv,069b116838786df3cca578f109435da06316755e95dae7c9cbe90eb57d3d480f,True
D:\Research\vv_pose_project\outputs\phase9c_r1d_locked_full_confirmation\split_c\seed2026\bounded_reliability_dual_modulation\train_rtmpose_performance\phase9c_r1d_run_report.json,D:\Research\vv_pose_project\outputs\phase9c_r1d_locked_full_confirmation\split_c\seed2026\bounded_reliability_dual_modulation\train_rtmpose_performance\per_sample_rtmpose_performance_val.npz,52b2e0d588844f95a2a59a29c1a41af3b492da7e26a542bf76e8a365fb6a10e2,True
D:\Research\vv_pose_project\outputs\phase9c_r1d_locked_full_confirmation\split_c\seed2026\bounded_reliability_dual_modulation\train_rtmpose_performance\phase9c_r1d_run_report.json,D:\Research\vv_pose_project\outputs\phase9c_r1d_locked_full_confirmation\split_c\seed2026\bounded_reliability_dual_modulation\train_rtmpose_performance\per_sample_rtmpose_performance_test.npz,4616d510f5dc5f0890889d72fcec68797b3ea3e8f414ad9024359e7b9cb86dab,True
D:\Research\vv_pose_project\outputs\phase9c_r1d_locked_full_confirmation\split_c\seed2026\bounded_reliability_dual_modulation\train_rtmpose_performance\phase9c_r1d_run_report.json,D:\Research\vv_pose_project\outputs\phase9c_r1d_locked_full_confirmation\split_c\seed2026\bounded_reliability_dual_modulation\train_rtmpose_performance\per_sample_yolo11l_pose_val.npz,739e26866215b1414a094f191cbb9018be8cfc037bdef79399f60c13e29e830e,True
D:\Research\vv_pose_project\outputs\phase9c_r1d_locked_full_confirmation\split_c\seed2026\bounded_reliability_dual_modulation\train_rtmpose_performance\phase9c_r1d_run_report.json,D:\Research\vv_pose_project\outputs\phase9c_r1d_locked_full_confirmation\split_c\seed2026\bounded_reliability_dual_modulation\train_rtmpose_performance\per_sample_yolo11l_pose_test.npz,f0f8d552300815a1f6754948ad9b42571fa04967ec27768df324e793baea47f4,True
D:\Research\vv_pose_project\outputs\phase9c_r1d_locked_full_confirmation\split_c\seed2026\bounded_reliability_dual_modulation\train_rtmpose_performance\phase9c_r1d_run_report.json,D:\Research\vv_pose_project\outputs\phase9c_r1d_locked_full_confirmation\split_c\seed2026\bounded_reliability_dual_modulation\train_rtmpose_performance\best.pt,1852009d4aec6413c4338cd224492b125058b045d15d17e0a15538296687bf96,True
D:\Research\vv_pose_project\outputs\phase9c_r1d_locked_full_confirmation\split_c\seed2026\bounded_reliability_dual_modulation\train_rtmpose_performance\phase9c_r1d_run_report.json,D:\Research\vv_pose_project\outputs\phase9c_r1d_locked_full_confirmation\split_c\seed2026\bounded_reliability_dual_modulation\train_rtmpose_performance\last.pt,bd37dc60398a9f2ae2d32be697d23f18a96491bcff561b9a510c7a0b0d1a8670,True
D:\Research\vv_pose_project\outputs\phase9c_r1d_locked_full_confirmation\split_c\seed2026\bounded_reliability_dual_modulation\train_rtmpose_performance\phase9c_r1d_run_report.json,D:\Research\vv_pose_project\outputs\phase9c_r1d_locked_full_confirmation\split_c\seed2026\bounded_reliability_dual_modulation\train_rtmpose_performance\training_history.csv,8c3b539fb9d7aa093c0ef234f49d9f3c9577599fb61bbf72defb479be3d0218d,True
D:\Research\vv_pose_project\outputs\phase9c_r1d_locked_full_confirmation\split_c\seed2026\bounded_reliability_dual_modulation\train_yolo11l_pose\phase9c_r1d_run_report.json,D:\Research\vv_pose_project\outputs\phase9c_r1d_locked_full_confirmation\split_c\seed2026\bounded_reliability_dual_modulation\train_yolo11l_pose\per_sample_rtmpose_performance_val.npz,8ac01fe898ca5b3c8508b4f0f5b2b1010a89e56cd0c46f258072ab40167cd91e,True
D:\Research\vv_pose_project\outputs\phase9c_r1d_locked_full_confirmation\split_c\seed2026\bounded_reliability_dual_modulation\train_yolo11l_pose\phase9c_r1d_run_report.json,D:\Research\vv_pose_project\outputs\phase9c_r1d_locked_full_confirmation\split_c\seed2026\bounded_reliability_dual_modulation\train_yolo11l_pose\per_sample_rtmpose_performance_test.npz,25ac325210f07f6e65909c97b2a267c1b3bee176e975031fe68be9c5651a6759,True
D:\Research\vv_pose_project\outputs\phase9c_r1d_locked_full_confirmation\split_c\seed2026\bounded_reliability_dual_modulation\train_yolo11l_pose\phase9c_r1d_run_report.json,D:\Research\vv_pose_project\outputs\phase9c_r1d_locked_full_confirmation\split_c\seed2026\bounded_reliability_dual_modulation\train_yolo11l_pose\per_sample_yolo11l_pose_val.npz,e07dcdb5c72dc1f62b267356f7858584cd0b67fb913ba6c419b5fbf07e480f21,True
D:\Research\vv_pose_project\outputs\phase9c_r1d_locked_full_confirmation\split_c\seed2026\bounded_reliability_dual_modulation\train_yolo11l_pose\phase9c_r1d_run_report.json,D:\Research\vv_pose_project\outputs\phase9c_r1d_locked_full_confirmation\split_c\seed2026\bounded_reliability_dual_modulation\train_yolo11l_pose\per_sample_yolo11l_pose_test.npz,7605e7ead9fa41d5dd25f74958f2e2855af0b1d37bb72f2af1c2b857327f28b8,True
D:\Research\vv_pose_project\outputs\phase9c_r1d_locked_full_confirmation\split_c\seed2026\bounded_reliability_dual_modulation\train_yolo11l_pose\phase9c_r1d_run_report.json,D:\Research\vv_pose_project\outputs\phase9c_r1d_locked_full_confirmation\split_c\seed2026\bounded_reliability_dual_modulation\train_yolo11l_pose\best.pt,3c669a2bc4c0a72a2a664b097b49c6614d7fda4d8c07493b633bd872785afaae,True
D:\Research\vv_pose_project\outputs\phase9c_r1d_locked_full_confirmation\split_c\seed2026\bounded_reliability_dual_modulation\train_yolo11l_pose\phase9c_r1d_run_report.json,D:\Research\vv_pose_project\outputs\phase9c_r1d_locked_full_confirmation\split_c\seed2026\bounded_reliability_dual_modulation\train_yolo11l_pose\last.pt,474ec11402c7ba0d03d5bbb29b5641f213b92ab9d4267e99a064d7c6ea3ec78c,True
D:\Research\vv_pose_project\outputs\phase9c_r1d_locked_full_confirmation\split_c\seed2026\bounded_reliability_dual_modulation\train_yolo11l_pose\phase9c_r1d_run_report.json,D:\Research\vv_pose_project\outputs\phase9c_r1d_locked_full_confirmation\split_c\seed2026\bounded_reliability_dual_modulation\train_yolo11l_pose\training_history.csv,7444a4208664a3ef4c4d3208d0e011ad10e5930362e69da73497984fdb0f562d,True
D:\Research\vv_pose_project\outputs\phase9c_r1d_locked_full_confirmation\split_c\seed2026\detector_aware_observed\train_rtmpose_performance\phase9c_r1d_run_report.json,D:\Research\vv_pose_project\outputs\phase9c_r1d_locked_full_confirmation\split_c\seed2026\detector_aware_observed\train_rtmpose_performance\per_sample_rtmpose_performance_val.npz,17346b3a5463a5a05d750addb7f4e81b7b6626cdab7f1978207462ca3d2c5b1f,True
D:\Research\vv_pose_project\outputs\phase9c_r1d_locked_full_confirmation\split_c\seed2026\detector_aware_observed\train_rtmpose_performance\phase9c_r1d_run_report.json,D:\Research\vv_pose_project\outputs\phase9c_r1d_locked_full_confirmation\split_c\seed2026\detector_aware_observed\train_rtmpose_performance\per_sample_rtmpose_performance_test.npz,6a112588ad36c8c4f3388f5d0474315a0cc14a131e72102bb36fb295577df9bc,True
D:\Research\vv_pose_project\outputs\phase9c_r1d_locked_full_confirmation\split_c\seed2026\detector_aware_observed\train_rtmpose_performance\phase9c_r1d_run_report.json,D:\Research\vv_pose_project\outputs\phase9c_r1d_locked_full_confirmation\split_c\seed2026\detector_aware_observed\train_rtmpose_performance\per_sample_yolo11l_pose_val.npz,99ca67161299aacc94a31ce6d4506c4a88dcfd5c5353ca294e1315dcac78a45a,True
D:\Research\vv_pose_project\outputs\phase9c_r1d_locked_full_confirmation\split_c\seed2026\detector_aware_observed\train_rtmpose_performance\phase9c_r1d_run_report.json,D:\Research\vv_pose_project\outputs\phase9c_r1d_locked_full_confirmation\split_c\seed2026\detector_aware_observed\train_rtmpose_performance\per_sample_yolo11l_pose_test.npz,c30105b944911efeabed4540d68f8630ffa36989a5ddc3c0c5e7df0a03ee8939,True
D:\Research\vv_pose_project\outputs\phase9c_r1d_locked_full_confirmation\split_c\seed2026\detector_aware_observed\train_rtmpose_performance\phase9c_r1d_run_report.json,D:\Research\vv_pose_project\outputs\phase9c_r1d_locked_full_confirmation\split_c\seed2026\detector_aware_observed\train_rtmpose_performance\best.pt,a33c941f14b8b542c0ef69bd5ce56f50e2e2dcf0b1f7044c0bc84e74f7d527e0,True
D:\Research\vv_pose_project\outputs\phase9c_r1d_locked_full_confirmation\split_c\seed2026\detector_aware_observed\train_rtmpose_performance\phase9c_r1d_run_report.json,D:\Research\vv_pose_project\outputs\phase9c_r1d_locked_full_confirmation\split_c\seed2026\detector_aware_observed\train_rtmpose_performance\last.pt,f65e766c02369070dba0a55b7066c36584491257c5e9340640f4a1e77d517858,True
D:\Research\vv_pose_project\outputs\phase9c_r1d_locked_full_confirmation\split_c\seed2026\detector_aware_observed\train_rtmpose_performance\phase9c_r1d_run_report.json,D:\Research\vv_pose_project\outputs\phase9c_r1d_locked_full_confirmation\split_c\seed2026\detector_aware_observed\train_rtmpose_performance\training_history.csv,e763aaa0481fc178662fa6602ddd9789e45a369d2892da5bc2bc31d94ff28efa,True
D:\Research\vv_pose_project\outputs\phase9c_r1d_locked_full_confirmation\split_c\seed2026\detector_aware_observed\train_yolo11l_pose\phase9c_r1d_run_report.json,D:\Research\vv_pose_project\outputs\phase9c_r1d_locked_full_confirmation\split_c\seed2026\detector_aware_observed\train_yolo11l_pose\per_sample_rtmpose_performance_val.npz,902cc7f01bd01bf20a8d84db2d552747479c59076a6ae2cc114b927e939e3705,True
D:\Research\vv_pose_project\outputs\phase9c_r1d_locked_full_confirmation\split_c\seed2026\detector_aware_observed\train_yolo11l_pose\phase9c_r1d_run_report.json,D:\Research\vv_pose_project\outputs\phase9c_r1d_locked_full_confirmation\split_c\seed2026\detector_aware_observed\train_yolo11l_pose\per_sample_rtmpose_performance_test.npz,a51bcfd328e4912e8594d742fd533b545b87a2d85b69f559f9b04905a5062028,True
D:\Research\vv_pose_project\outputs\phase9c_r1d_locked_full_confirmation\split_c\seed2026\detector_aware_observed\train_yolo11l_pose\phase9c_r1d_run_report.json,D:\Research\vv_pose_project\outputs\phase9c_r1d_locked_full_confirmation\split_c\seed2026\detector_aware_observed\train_yolo11l_pose\per_sample_yolo11l_pose_val.npz,20c85874ddfff0dbf239bb78c91f6b886377614b58badf33be1770b13a30715e,True
D:\Research\vv_pose_project\outputs\phase9c_r1d_locked_full_confirmation\split_c\seed2026\detector_aware_observed\train_yolo11l_pose\phase9c_r1d_run_report.json,D:\Research\vv_pose_project\outputs\phase9c_r1d_locked_full_confirmation\split_c\seed2026\detector_aware_observed\train_yolo11l_pose\per_sample_yolo11l_pose_test.npz,fd3416504f6529218005ae45d7393538ba8a1bea5fabfc112e8b1eb543ffad91,True
D:\Research\vv_pose_project\outputs\phase9c_r1d_locked_full_confirmation\split_c\seed2026\detector_aware_observed\train_yolo11l_pose\phase9c_r1d_run_report.json,D:\Research\vv_pose_project\outputs\phase9c_r1d_locked_full_confirmation\split_c\seed2026\detector_aware_observed\train_yolo11l_pose\best.pt,2083b63d95ccf74725097d14bc9cc19768c5597a9a9ee0fce6ceec8bf6feb7d3,True
D:\Research\vv_pose_project\outputs\phase9c_r1d_locked_full_confirmation\split_c\seed2026\detector_aware_observed\train_yolo11l_pose\phase9c_r1d_run_report.json,D:\Research\vv_pose_project\outputs\phase9c_r1d_locked_full_confirmation\split_c\seed2026\detector_aware_observed\train_yolo11l_pose\last.pt,556da091faa32c249bc28cd35814c17af331abc9e67f2597b1008517648410ed,True
D:\Research\vv_pose_project\outputs\phase9c_r1d_locked_full_confirmation\split_c\seed2026\detector_aware_observed\train_yolo11l_pose\phase9c_r1d_run_report.json,D:\Research\vv_pose_project\outputs\phase9c_r1d_locked_full_confirmation\split_c\seed2026\detector_aware_observed\train_yolo11l_pose\training_history.csv,1efc2445067f4babc02397444765b52b588d1e34902f9428e4c84e2a13879de5,True
D:\Research\vv_pose_project\outputs\phase9c_r1d_locked_full_confirmation\split_c\seed2026\detector_conditioned_virtual_view_no_confidence\train_rtmpose_performance\phase9c_r1d_run_report.json,D:\Research\vv_pose_project\outputs\phase9c_r1d_locked_full_confirmation\split_c\seed2026\detector_conditioned_virtual_view_no_confidence\train_rtmpose_performance\per_sample_rtmpose_performance_val.npz,b631e2b93ff9e4ac9516491b0c621c0b3a5ae3f512e2c678485415fbe66a2d01,True
D:\Research\vv_pose_project\outputs\phase9c_r1d_locked_full_confirmation\split_c\seed2026\detector_conditioned_virtual_view_no_confidence\train_rtmpose_performance\phase9c_r1d_run_report.json,D:\Research\vv_pose_project\outputs\phase9c_r1d_locked_full_confirmation\split_c\seed2026\detector_conditioned_virtual_view_no_confidence\train_rtmpose_performance\per_sample_rtmpose_performance_test.npz,bdba3b69a80b174637cdc2b89a6c18d52603252948f257cbb7c77eef504263e6,True
D:\Research\vv_pose_project\outputs\phase9c_r1d_locked_full_confirmation\split_c\seed2026\detector_conditioned_virtual_view_no_confidence\train_rtmpose_performance\phase9c_r1d_run_report.json,D:\Research\vv_pose_project\outputs\phase9c_r1d_locked_full_confirmation\split_c\seed2026\detector_conditioned_virtual_view_no_confidence\train_rtmpose_performance\per_sample_yolo11l_pose_val.npz,75e8eada28840ed1a2cf9b9da02a946165110762c2fa74dd2734c4e8f2a10152,True
D:\Research\vv_pose_project\outputs\phase9c_r1d_locked_full_confirmation\split_c\seed2026\detector_conditioned_virtual_view_no_confidence\train_rtmpose_performance\phase9c_r1d_run_report.json,D:\Research\vv_pose_project\outputs\phase9c_r1d_locked_full_confirmation\split_c\seed2026\detector_conditioned_virtual_view_no_confidence\train_rtmpose_performance\per_sample_yolo11l_pose_test.npz,bf881a9763338f1a24ff3bd4618c27d78054519fd914470f238d6e6a62548a17,True
D:\Research\vv_pose_project\outputs\phase9c_r1d_locked_full_confirmation\split_c\seed2026\detector_conditioned_virtual_view_no_confidence\train_rtmpose_performance\phase9c_r1d_run_report.json,D:\Research\vv_pose_project\outputs\phase9c_r1d_locked_full_confirmation\split_c\seed2026\detector_conditioned_virtual_view_no_confidence\train_rtmpose_performance\best.pt,2f423c4658780f2d696fb5e5e707c51514afd8b24244f9f2ca5ba25830847c56,True
D:\Research\vv_pose_project\outputs\phase9c_r1d_locked_full_confirmation\split_c\seed2026\detector_conditioned_virtual_view_no_confidence\train_rtmpose_performance\phase9c_r1d_run_report.json,D:\Research\vv_pose_project\outputs\phase9c_r1d_locked_full_confirmation\split_c\seed2026\detector_conditioned_virtual_view_no_confidence\train_rtmpose_performance\last.pt,5a57edd62755c2dfac752a7e66b0e04ae904fce1b34a231dee3063ac83409900,True
D:\Research\vv_pose_project\outputs\phase9c_r1d_locked_full_confirmation\split_c\seed2026\detector_conditioned_virtual_view_no_confidence\train_rtmpose_performance\phase9c_r1d_run_report.json,D:\Research\vv_pose_project\outputs\phase9c_r1d_locked_full_confirmation\split_c\seed2026\detector_conditioned_virtual_view_no_confidence\train_rtmpose_performance\training_history.csv,ab49e564a84aecb6197b8eb262097122c87389096683f82ac3122bda83a8786f,True
D:\Research\vv_pose_project\outputs\phase9c_r1d_locked_full_confirmation\split_c\seed2026\detector_conditioned_virtual_view_no_confidence\train_yolo11l_pose\phase9c_r1d_run_report.json,D:\Research\vv_pose_project\outputs\phase9c_r1d_locked_full_confirmation\split_c\seed2026\detector_conditioned_virtual_view_no_confidence\train_yolo11l_pose\per_sample_rtmpose_performance_val.npz,bc61684691eb343a812c65286c34dbffa21e2f5d7be5cbbb21e794c5d2a81ea1,True
D:\Research\vv_pose_project\outputs\phase9c_r1d_locked_full_confirmation\split_c\seed2026\detector_conditioned_virtual_view_no_confidence\train_yolo11l_pose\phase9c_r1d_run_report.json,D:\Research\vv_pose_project\outputs\phase9c_r1d_locked_full_confirmation\split_c\seed2026\detector_conditioned_virtual_view_no_confidence\train_yolo11l_pose\per_sample_rtmpose_performance_test.npz,baa595e96affc7bb89a7e5c03fc8b3bca8b1d7e49fa148f17289c02510381081,True
D:\Research\vv_pose_project\outputs\phase9c_r1d_locked_full_confirmation\split_c\seed2026\detector_conditioned_virtual_view_no_confidence\train_yolo11l_pose\phase9c_r1d_run_report.json,D:\Research\vv_pose_project\outputs\phase9c_r1d_locked_full_confirmation\split_c\seed2026\detector_conditioned_virtual_view_no_confidence\train_yolo11l_pose\per_sample_yolo11l_pose_val.npz,5d70e1b6a6e0f7d38aed581e09ce4f2d1cbe9274ccf56df38b33cef75aa4119f,True
D:\Research\vv_pose_project\outputs\phase9c_r1d_locked_full_confirmation\split_c\seed2026\detector_conditioned_virtual_view_no_confidence\train_yolo11l_pose\phase9c_r1d_run_report.json,D:\Research\vv_pose_project\outputs\phase9c_r1d_locked_full_confirmation\split_c\seed2026\detector_conditioned_virtual_view_no_confidence\train_yolo11l_pose\per_sample_yolo11l_pose_test.npz,a1b4a9f137d2a208bf0380dba878434a3a477d1adf01746b7a8dcb89ed3cff07,True
D:\Research\vv_pose_project\outputs\phase9c_r1d_locked_full_confirmation\split_c\seed2026\detector_conditioned_virtual_view_no_confidence\train_yolo11l_pose\phase9c_r1d_run_report.json,D:\Research\vv_pose_project\outputs\phase9c_r1d_locked_full_confirmation\split_c\seed2026\detector_conditioned_virtual_view_no_confidence\train_yolo11l_pose\best.pt,c3c21a0ea04dfe2ef8e13233ad16d478d6f0320f147dc92ed87636601a1c0a72,True
D:\Research\vv_pose_project\outputs\phase9c_r1d_locked_full_confirmation\split_c\seed2026\detector_conditioned_virtual_view_no_confidence\train_yolo11l_pose\phase9c_r1d_run_report.json,D:\Research\vv_pose_project\outputs\phase9c_r1d_locked_full_confirmation\split_c\seed2026\detector_conditioned_virtual_view_no_confidence\train_yolo11l_pose\last.pt,aba4f6ac0362de3fd27c3756e7d35c6aae22128d0385b7757e63da3f0919dbb3,True
D:\Research\vv_pose_project\outputs\phase9c_r1d_locked_full_confirmation\split_c\seed2026\detector_conditioned_virtual_view_no_confidence\train_yolo11l_pose\phase9c_r1d_run_report.json,D:\Research\vv_pose_project\outputs\phase9c_r1d_locked_full_confirmation\split_c\seed2026\detector_conditioned_virtual_view_no_confidence\train_yolo11l_pose\training_history.csv,9a8885da733b71ae31b0cc95360b96639ba0e3e0f8765da42e215afcd8473cc8,True
D:\Research\vv_pose_project\outputs\phase9c_r1d_locked_full_confirmation\split_c\seed42\bounded_reliability_dual_modulation\train_rtmpose_performance\phase9c_r1d_run_report.json,D:\Research\vv_pose_project\outputs\phase9c_r1d_locked_full_confirmation\split_c\seed42\bounded_reliability_dual_modulation\train_rtmpose_performance\per_sample_rtmpose_performance_val.npz,293beacdfd9216302d6fdd4c1f8fd6f7b4e25878985581c6ca55a259dc07ffea,True
D:\Research\vv_pose_project\outputs\phase9c_r1d_locked_full_confirmation\split_c\seed42\bounded_reliability_dual_modulation\train_rtmpose_performance\phase9c_r1d_run_report.json,D:\Research\vv_pose_project\outputs\phase9c_r1d_locked_full_confirmation\split_c\seed42\bounded_reliability_dual_modulation\train_rtmpose_performance\per_sample_rtmpose_performance_test.npz,f3b15b03a52cfce3cd9065c4c9fef8b16d8f8c7a1f905008deccff25103d82cb,True
D:\Research\vv_pose_project\outputs\phase9c_r1d_locked_full_confirmation\split_c\seed42\bounded_reliability_dual_modulation\train_rtmpose_performance\phase9c_r1d_run_report.json,D:\Research\vv_pose_project\outputs\phase9c_r1d_locked_full_confirmation\split_c\seed42\bounded_reliability_dual_modulation\train_rtmpose_performance\per_sample_yolo11l_pose_val.npz,34e061bd85809b6e1be16cee407eedca870fdca8e52ddf7aa343972e35590d72,True
D:\Research\vv_pose_project\outputs\phase9c_r1d_locked_full_confirmation\split_c\seed42\bounded_reliability_dual_modulation\train_rtmpose_performance\phase9c_r1d_run_report.json,D:\Research\vv_pose_project\outputs\phase9c_r1d_locked_full_confirmation\split_c\seed42\bounded_reliability_dual_modulation\train_rtmpose_performance\per_sample_yolo11l_pose_test.npz,b74ef6c9c761cbe38da859a35bf36aa0be7f1ba896d0041c98d9aaf79a6ce08f,True
D:\Research\vv_pose_project\outputs\phase9c_r1d_locked_full_confirmation\split_c\seed42\bounded_reliability_dual_modulation\train_rtmpose_performance\phase9c_r1d_run_report.json,D:\Research\vv_pose_project\outputs\phase9c_r1d_locked_full_confirmation\split_c\seed42\bounded_reliability_dual_modulation\train_rtmpose_performance\best.pt,18e4ff861fc6b7d9535a71757bc34393efd827fe05e6c22a497e1f301fd72874,True
D:\Research\vv_pose_project\outputs\phase9c_r1d_locked_full_confirmation\split_c\seed42\bounded_reliability_dual_modulation\train_rtmpose_performance\phase9c_r1d_run_report.json,D:\Research\vv_pose_project\outputs\phase9c_r1d_locked_full_confirmation\split_c\seed42\bounded_reliability_dual_modulation\train_rtmpose_performance\last.pt,8beaafc14ff47dcb6ecb41d31aad2839c31b12152643f82ea12b23d795ceb7d5,True
D:\Research\vv_pose_project\outputs\phase9c_r1d_locked_full_confirmation\split_c\seed42\bounded_reliability_dual_modulation\train_rtmpose_performance\phase9c_r1d_run_report.json,D:\Research\vv_pose_project\outputs\phase9c_r1d_locked_full_confirmation\split_c\seed42\bounded_reliability_dual_modulation\train_rtmpose_performance\training_history.csv,b6bc374b6a20b8fa3df48fa3a5d341559b0e190e7120c731a7bffc27bdebba04,True
D:\Research\vv_pose_project\outputs\phase9c_r1d_locked_full_confirmation\split_c\seed42\bounded_reliability_dual_modulation\train_yolo11l_pose\phase9c_r1d_run_report.json,D:\Research\vv_pose_project\outputs\phase9c_r1d_locked_full_confirmation\split_c\seed42\bounded_reliability_dual_modulation\train_yolo11l_pose\per_sample_rtmpose_performance_val.npz,14e585a09d2afbdd7aa5a3f9c8b9c75bbf1dc5544e912d526cd7ec330feb84f4,True
D:\Research\vv_pose_project\outputs\phase9c_r1d_locked_full_confirmation\split_c\seed42\bounded_reliability_dual_modulation\train_yolo11l_pose\phase9c_r1d_run_report.json,D:\Research\vv_pose_project\outputs\phase9c_r1d_locked_full_confirmation\split_c\seed42\bounded_reliability_dual_modulation\train_yolo11l_pose\per_sample_rtmpose_performance_test.npz,fc5fbfe1dd221e97f006a42123e5f57b0cba20ac1ac7fc51fe7e61237789feb4,True
D:\Research\vv_pose_project\outputs\phase9c_r1d_locked_full_confirmation\split_c\seed42\bounded_reliability_dual_modulation\train_yolo11l_pose\phase9c_r1d_run_report.json,D:\Research\vv_pose_project\outputs\phase9c_r1d_locked_full_confirmation\split_c\seed42\bounded_reliability_dual_modulation\train_yolo11l_pose\per_sample_yolo11l_pose_val.npz,95973f1b1ca861cedf9dad4f0944fa1f6c9b299812a6c5b00cc4b315a6616f19,True
D:\Research\vv_pose_project\outputs\phase9c_r1d_locked_full_confirmation\split_c\seed42\bounded_reliability_dual_modulation\train_yolo11l_pose\phase9c_r1d_run_report.json,D:\Research\vv_pose_project\outputs\phase9c_r1d_locked_full_confirmation\split_c\seed42\bounded_reliability_dual_modulation\train_yolo11l_pose\per_sample_yolo11l_pose_test.npz,fb8e20cd6f986e656a45fd6d6a6fd7ac2682d7cddd7d0eddb6b53890ed43ae4d,True
D:\Research\vv_pose_project\outputs\phase9c_r1d_locked_full_confirmation\split_c\seed42\bounded_reliability_dual_modulation\train_yolo11l_pose\phase9c_r1d_run_report.json,D:\Research\vv_pose_project\outputs\phase9c_r1d_locked_full_confirmation\split_c\seed42\bounded_reliability_dual_modulation\train_yolo11l_pose\best.pt,e449b07aa9497aa2e73385642024f9bed2bbf1fbcc0efb7a2a4eb66db10ccbb9,True
D:\Research\vv_pose_project\outputs\phase9c_r1d_locked_full_confirmation\split_c\seed42\bounded_reliability_dual_modulation\train_yolo11l_pose\phase9c_r1d_run_report.json,D:\Research\vv_pose_project\outputs\phase9c_r1d_locked_full_confirmation\split_c\seed42\bounded_reliability_dual_modulation\train_yolo11l_pose\last.pt,5d7553d8c2091fba06578f110e5727ec52a3aee152bd340e28bb12bfd7dd6c50,True
D:\Research\vv_pose_project\outputs\phase9c_r1d_locked_full_confirmation\split_c\seed42\bounded_reliability_dual_modulation\train_yolo11l_pose\phase9c_r1d_run_report.json,D:\Research\vv_pose_project\outputs\phase9c_r1d_locked_full_confirmation\split_c\seed42\bounded_reliability_dual_modulation\train_yolo11l_pose\training_history.csv,78dcfef8f1becb02f13cdd22b5f702ce572d7094c52e423b95b7a08a511efdce,True
D:\Research\vv_pose_project\outputs\phase9c_r1d_locked_full_confirmation\split_c\seed42\detector_aware_observed\train_rtmpose_performance\phase9c_r1d_run_report.json,D:\Research\vv_pose_project\outputs\phase9c_r1d_locked_full_confirmation\split_c\seed42\detector_aware_observed\train_rtmpose_performance\per_sample_rtmpose_performance_val.npz,997925a671d287c3a4beb692f30160038776333467089c6ae78cd6bb571d5a3a,True
D:\Research\vv_pose_project\outputs\phase9c_r1d_locked_full_confirmation\split_c\seed42\detector_aware_observed\train_rtmpose_performance\phase9c_r1d_run_report.json,D:\Research\vv_pose_project\outputs\phase9c_r1d_locked_full_confirmation\split_c\seed42\detector_aware_observed\train_rtmpose_performance\per_sample_rtmpose_performance_test.npz,e6f9677226ad5467b86fa24790100b450fa32c408d8f277e72ee6c5d8bbaa7a3,True
D:\Research\vv_pose_project\outputs\phase9c_r1d_locked_full_confirmation\split_c\seed42\detector_aware_observed\train_rtmpose_performance\phase9c_r1d_run_report.json,D:\Research\vv_pose_project\outputs\phase9c_r1d_locked_full_confirmation\split_c\seed42\detector_aware_observed\train_rtmpose_performance\per_sample_yolo11l_pose_val.npz,0a809b6a356b110f6d4b8a42789e96b04dad392f7bde7b46b907b94c536eeec5,True
D:\Research\vv_pose_project\outputs\phase9c_r1d_locked_full_confirmation\split_c\seed42\detector_aware_observed\train_rtmpose_performance\phase9c_r1d_run_report.json,D:\Research\vv_pose_project\outputs\phase9c_r1d_locked_full_confirmation\split_c\seed42\detector_aware_observed\train_rtmpose_performance\per_sample_yolo11l_pose_test.npz,12b7d275a06feee2cf4bb660c08a8901fe62cd0b7299e2ba214c89c1e2dd5ae7,True
D:\Research\vv_pose_project\outputs\phase9c_r1d_locked_full_confirmation\split_c\seed42\detector_aware_observed\train_rtmpose_performance\phase9c_r1d_run_report.json,D:\Research\vv_pose_project\outputs\phase9c_r1d_locked_full_confirmation\split_c\seed42\detector_aware_observed\train_rtmpose_performance\best.pt,1a217fead18135a15bf6f67226df3258834b1dda5cf5b6b5d25e25dba5527d7b,True
D:\Research\vv_pose_project\outputs\phase9c_r1d_locked_full_confirmation\split_c\seed42\detector_aware_observed\train_rtmpose_performance\phase9c_r1d_run_report.json,D:\Research\vv_pose_project\outputs\phase9c_r1d_locked_full_confirmation\split_c\seed42\detector_aware_observed\train_rtmpose_performance\last.pt,97f23bad55c0626d1d5926e349b93f303562bccb0af1948f3c4696a3f0a4314c,True
D:\Research\vv_pose_project\outputs\phase9c_r1d_locked_full_confirmation\split_c\seed42\detector_aware_observed\train_rtmpose_performance\phase9c_r1d_run_report.json,D:\Research\vv_pose_project\outputs\phase9c_r1d_locked_full_confirmation\split_c\seed42\detector_aware_observed\train_rtmpose_performance\training_history.csv,d8dd8602e9a8ed4682ab8d900fa171093248ce42eff2f662544ed113231b3c08,True
D:\Research\vv_pose_project\outputs\phase9c_r1d_locked_full_confirmation\split_c\seed42\detector_aware_observed\train_yolo11l_pose\phase9c_r1d_run_report.json,D:\Research\vv_pose_project\outputs\phase9c_r1d_locked_full_confirmation\split_c\seed42\detector_aware_observed\train_yolo11l_pose\per_sample_rtmpose_performance_val.npz,df25ba2c1c978983811bd06f7413ea4b0b1c53f394957db814a5019a3f212f5e,True
D:\Research\vv_pose_project\outputs\phase9c_r1d_locked_full_confirmation\split_c\seed42\detector_aware_observed\train_yolo11l_pose\phase9c_r1d_run_report.json,D:\Research\vv_pose_project\outputs\phase9c_r1d_locked_full_confirmation\split_c\seed42\detector_aware_observed\train_yolo11l_pose\per_sample_rtmpose_performance_test.npz,41e99129ab0b9c39133a0466d1625065b803b11e5ad1bc29ea351937259dfbe5,True
D:\Research\vv_pose_project\outputs\phase9c_r1d_locked_full_confirmation\split_c\seed42\detector_aware_observed\train_yolo11l_pose\phase9c_r1d_run_report.json,D:\Research\vv_pose_project\outputs\phase9c_r1d_locked_full_confirmation\split_c\seed42\detector_aware_observed\train_yolo11l_pose\per_sample_yolo11l_pose_val.npz,3bd7d26b19bb370c69a05428f37c0b6cea7a59d735f753874b238d2b47842b9c,True
D:\Research\vv_pose_project\outputs\phase9c_r1d_locked_full_confirmation\split_c\seed42\detector_aware_observed\train_yolo11l_pose\phase9c_r1d_run_report.json,D:\Research\vv_pose_project\outputs\phase9c_r1d_locked_full_confirmation\split_c\seed42\detector_aware_observed\train_yolo11l_pose\per_sample_yolo11l_pose_test.npz,3332253f0061dabee88acbb9138e6cf7aebc7b432dfc823f30004bf6577b8492,True
D:\Research\vv_pose_project\outputs\phase9c_r1d_locked_full_confirmation\split_c\seed42\detector_aware_observed\train_yolo11l_pose\phase9c_r1d_run_report.json,D:\Research\vv_pose_project\outputs\phase9c_r1d_locked_full_confirmation\split_c\seed42\detector_aware_observed\train_yolo11l_pose\best.pt,07bec731b25529c035848742757dbf1eb0abcbd9117e802a436e7d7ca3ceb37c,True
D:\Research\vv_pose_project\outputs\phase9c_r1d_locked_full_confirmation\split_c\seed42\detector_aware_observed\train_yolo11l_pose\phase9c_r1d_run_report.json,D:\Research\vv_pose_project\outputs\phase9c_r1d_locked_full_confirmation\split_c\seed42\detector_aware_observed\train_yolo11l_pose\last.pt,22fbdc03f0f3b1fa4b6cf078333db2711af131030f2bebcc5a6b2e6e3a410dfa,True
D:\Research\vv_pose_project\outputs\phase9c_r1d_locked_full_confirmation\split_c\seed42\detector_aware_observed\train_yolo11l_pose\phase9c_r1d_run_report.json,D:\Research\vv_pose_project\outputs\phase9c_r1d_locked_full_confirmation\split_c\seed42\detector_aware_observed\train_yolo11l_pose\training_history.csv,21beca96248ab871c9f9a9250a0de437deac322d8c9fb7b4b5915562998d15ce,True
D:\Research\vv_pose_project\outputs\phase9c_r1d_locked_full_confirmation\split_c\seed42\detector_conditioned_virtual_view_no_confidence\train_rtmpose_performance\phase9c_r1d_run_report.json,D:\Research\vv_pose_project\outputs\phase9c_r1d_locked_full_confirmation\split_c\seed42\detector_conditioned_virtual_view_no_confidence\train_rtmpose_performance\per_sample_rtmpose_performance_val.npz,66573e799755d408398e3267bb5a41a242e48022a3e589a1bb8362bcd3d87999,True
D:\Research\vv_pose_project\outputs\phase9c_r1d_locked_full_confirmation\split_c\seed42\detector_conditioned_virtual_view_no_confidence\train_rtmpose_performance\phase9c_r1d_run_report.json,D:\Research\vv_pose_project\outputs\phase9c_r1d_locked_full_confirmation\split_c\seed42\detector_conditioned_virtual_view_no_confidence\train_rtmpose_performance\per_sample_rtmpose_performance_test.npz,b4cf27687d74868a9205181f1cb430ce11131582f7d83486f657ce03a41534bd,True
D:\Research\vv_pose_project\outputs\phase9c_r1d_locked_full_confirmation\split_c\seed42\detector_conditioned_virtual_view_no_confidence\train_rtmpose_performance\phase9c_r1d_run_report.json,D:\Research\vv_pose_project\outputs\phase9c_r1d_locked_full_confirmation\split_c\seed42\detector_conditioned_virtual_view_no_confidence\train_rtmpose_performance\per_sample_yolo11l_pose_val.npz,010087d366c9af08517bb341d8c2216d055047c92a8a169c92df221ccdece466,True
D:\Research\vv_pose_project\outputs\phase9c_r1d_locked_full_confirmation\split_c\seed42\detector_conditioned_virtual_view_no_confidence\train_rtmpose_performance\phase9c_r1d_run_report.json,D:\Research\vv_pose_project\outputs\phase9c_r1d_locked_full_confirmation\split_c\seed42\detector_conditioned_virtual_view_no_confidence\train_rtmpose_performance\per_sample_yolo11l_pose_test.npz,24f14cee347d524e69f7bdb9e72653d4aaf414e80b1bdb7520670f3f1003cb88,True
D:\Research\vv_pose_project\outputs\phase9c_r1d_locked_full_confirmation\split_c\seed42\detector_conditioned_virtual_view_no_confidence\train_rtmpose_performance\phase9c_r1d_run_report.json,D:\Research\vv_pose_project\outputs\phase9c_r1d_locked_full_confirmation\split_c\seed42\detector_conditioned_virtual_view_no_confidence\train_rtmpose_performance\best.pt,9122bbd4d52b102ab0b1649d149e8c2224ce9c6e227dbc0a0560ff4355dfe34b,True
D:\Research\vv_pose_project\outputs\phase9c_r1d_locked_full_confirmation\split_c\seed42\detector_conditioned_virtual_view_no_confidence\train_rtmpose_performance\phase9c_r1d_run_report.json,D:\Research\vv_pose_project\outputs\phase9c_r1d_locked_full_confirmation\split_c\seed42\detector_conditioned_virtual_view_no_confidence\train_rtmpose_performance\last.pt,c0bf978a7fb9e8bcd13d8653f4739fc21d7c2a72c3c22692bc3843fe61bc9093,True
D:\Research\vv_pose_project\outputs\phase9c_r1d_locked_full_confirmation\split_c\seed42\detector_conditioned_virtual_view_no_confidence\train_rtmpose_performance\phase9c_r1d_run_report.json,D:\Research\vv_pose_project\outputs\phase9c_r1d_locked_full_confirmation\split_c\seed42\detector_conditioned_virtual_view_no_confidence\train_rtmpose_performance\training_history.csv,11249c23eb8529439017b8c3fd4b45a672da88206e7bb2fb2d08cca6e32c31d2,True
D:\Research\vv_pose_project\outputs\phase9c_r1d_locked_full_confirmation\split_c\seed42\detector_conditioned_virtual_view_no_confidence\train_yolo11l_pose\phase9c_r1d_run_report.json,D:\Research\vv_pose_project\outputs\phase9c_r1d_locked_full_confirmation\split_c\seed42\detector_conditioned_virtual_view_no_confidence\train_yolo11l_pose\per_sample_rtmpose_performance_val.npz,81aa0b93100f4a001d21d7b06a2578b592a285273d63a50e10d5991a1cafa889,True
D:\Research\vv_pose_project\outputs\phase9c_r1d_locked_full_confirmation\split_c\seed42\detector_conditioned_virtual_view_no_confidence\train_yolo11l_pose\phase9c_r1d_run_report.json,D:\Research\vv_pose_project\outputs\phase9c_r1d_locked_full_confirmation\split_c\seed42\detector_conditioned_virtual_view_no_confidence\train_yolo11l_pose\per_sample_rtmpose_performance_test.npz,0662a19761ef5462b115d58b366b764214292d44388fd6ea869f77d78f6ef682,True
D:\Research\vv_pose_project\outputs\phase9c_r1d_locked_full_confirmation\split_c\seed42\detector_conditioned_virtual_view_no_confidence\train_yolo11l_pose\phase9c_r1d_run_report.json,D:\Research\vv_pose_project\outputs\phase9c_r1d_locked_full_confirmation\split_c\seed42\detector_conditioned_virtual_view_no_confidence\train_yolo11l_pose\per_sample_yolo11l_pose_val.npz,73f66bb2a8f1207452f8d7999ff3cf007bf7f490df40bac7bb8a20b5ce696c2b,True
D:\Research\vv_pose_project\outputs\phase9c_r1d_locked_full_confirmation\split_c\seed42\detector_conditioned_virtual_view_no_confidence\train_yolo11l_pose\phase9c_r1d_run_report.json,D:\Research\vv_pose_project\outputs\phase9c_r1d_locked_full_confirmation\split_c\seed42\detector_conditioned_virtual_view_no_confidence\train_yolo11l_pose\per_sample_yolo11l_pose_test.npz,87f4c2894c85ab5e2d611d23a6bb0dee3625c61e8c318e51739d0ad45a2bdb55,True
D:\Research\vv_pose_project\outputs\phase9c_r1d_locked_full_confirmation\split_c\seed42\detector_conditioned_virtual_view_no_confidence\train_yolo11l_pose\phase9c_r1d_run_report.json,D:\Research\vv_pose_project\outputs\phase9c_r1d_locked_full_confirmation\split_c\seed42\detector_conditioned_virtual_view_no_confidence\train_yolo11l_pose\best.pt,96888cbe544b90a7980b0151f26527659605b065f722b505e71b07a7fc1dcdd8,True
D:\Research\vv_pose_project\outputs\phase9c_r1d_locked_full_confirmation\split_c\seed42\detector_conditioned_virtual_view_no_confidence\train_yolo11l_pose\phase9c_r1d_run_report.json,D:\Research\vv_pose_project\outputs\phase9c_r1d_locked_full_confirmation\split_c\seed42\detector_conditioned_virtual_view_no_confidence\train_yolo11l_pose\last.pt,4943c85c7254a2715c4f72a6d1192306eb300c7a63e53e4f4de74b7d5e954a29,True
D:\Research\vv_pose_project\outputs\phase9c_r1d_locked_full_confirmation\split_c\seed42\detector_conditioned_virtual_view_no_confidence\train_yolo11l_pose\phase9c_r1d_run_report.json,D:\Research\vv_pose_project\outputs\phase9c_r1d_locked_full_confirmation\split_c\seed42\detector_conditioned_virtual_view_no_confidence\train_yolo11l_pose\training_history.csv,b131b71ff4ddd31faad17e3a041cdb631d3374d11314ac42b0fced17920783cc,True
